Keyword;sentence_id;sentence with keyword match;Labelling 
asistencia técnica;00a55af_79;- Facilitar asistencia tecnica a los pequeños propietarios de bosques y areas naturales privadas, para que elaboren planes de manejo sostenibles, para ser incorporados en los programas de incentivos nacionales y locales existentes;1
asistencia técnica;15169f7_74;Facilitar asistencia tecnica a los pequeños propietarios de bosques y areas naturales privadas, para que elaboren planes de manejo sostenibles, para ser incorporados en los programas de incentivos nacionales y locales existentes;1
asistencia técnica;3416cbf_67;Estimular a las comunidades a proporcionarles mantenimiento y limpieza a las barrancas, quebradas y zonas de los suburbios y caminos vecinales, dando al respecto la asistencia tecnica necesaria y acompañamiento en procesos participativos para tal fin;1
asistencia técnica;3c8c7a4_66;Para los efectos de implementacion de las normas tecnicas anteriores y otras que se estimen necesarias realizar, el Municipio solicitara la colaboracion y asistencia tecnica del Ministerio del Medio Ambiente y Recursos Naturales, de la Direccion General de CENDEPESCA del Ministerio de Agricultura y Ganaderia, de organismos internacionales especializados en el tema asi como de las entidades no gubernamentales que trabajen en esta materia;0
asistencia técnica;48bdadf_160;c) Gestionar asistencia tecnica en nuevas tecnologias para el municipio, de manera que promuevan la agricultura organica, conservacion de suelos y agua;0
asistencia técnica;48bdadf_162;d) Gestionar juntamente Gobierno Municipal y otras organizaciones Gubernamentales y no Gubernamentales, la asistencia tecnica permanente que permita la conservacion de las cuencas y ecosistema hidrico del municipio;0
asistencia técnica;499d53d_51;Brindar asistencia tecnica y legal, sobre el manejo integral del fuego a quien ejerza la tenencia de la tierra;1
asistencia técnica;66d8c54_80;Facilitar asistencia tecnica a los pequeños propietarios de bosques y areas naturales privadas, para que elaboren planes de manejo sostenibles, para ser incorporados en los programas de incentivos nacionales y locales existentes;1
asistencia técnica;6a85bfd_11;- Es competencia de la Alcaldia Municipal, fomentar e incentivar la plantacion, el manejo y conservacion de arboles que proporcionen sombra y un aspecto ornamental dentro del radio urbano, a traves de la Unidad Ambiental de la Alcaldia, en coordinacion co;0
asistencia técnica;7eab6c1_52;El Concejo Municipal debera fomentar las actuaciones por compensacion y cooperacion, debiendo proporcionar a los propietarios la asistencia tecnica que sea necesaria;1
asistencia técnica;88ad2ff_51;El Concejo Municipal debera fomentar las actuaciones por compensacion y cooperacion, debiendo proporcionar a los propietarios la asistencia tecnica que sea necesaria;1
asistencia técnica;901a837_63;Por su parte, las autoridades edilicias daran aviso al Servicio Forestal y de Fauna si notaran alguna anomalia relacionada con las actividades descritas en el inciso precedente, a efecto de que este ultimo proporcione la asistencia tecnica necesaria para que el municipio, desarrolle programas o campañas de forestacion, reforestacion o conservacion de bosques protectores;0
asistencia técnica;901a837_81;"Para este efecto; el Gobierno Municipal, gestionara ante la Direccion General de Recursos Naturales Renovables del Ministerio de Agricultura y Ganaderia o al Ministerio de Medio Ambiente y Recursos Naturales el otorgamiento de la asistencia tecnica necesaria para el desarrollo de programas encaminados al fomento de practicas o tratamientos conservacionistas";1
asistencia técnica;902bedc_41;- El Comite de Seguimiento Municipal podra pedir la colaboracion y asistencia tecnica necesaria, en el desarrollo de sus funciones, a las instituciones publicas siguientes: A la Unidad de Gestion de Vida Silvestre del Ministerio del Medio Ambiente y Recur;0
asistencia técnica;902bedc_58;Para los efectos de implementacion de las normas tecnicas anteriores y otras que se estimen necesarias realizar, el Municipio solicitara la colaboracion y asistencia tecnica del Ministerio del Medio Ambiente y Recursos Naturales, de la Direccion General de CENDEPESCA del Ministerio de Agricultura y Ganaderia, de FUNZEL, de organismos internacionales especializados en el tema asi como de las entidades no gubernamentales que trabajen en esta materia;0
asistencia técnica;b8dd82f_15;- La Seccion de Desarrollo tendra como objetivo, programar y coordinar la asistencia tecnica a los agricultores y ganaderos del Distrito, a fin de lograr una mayor produccion;1
asistencia técnica;e18d168_244;- Los canones resultantes del regimen de acceso de las diferentes actividades de la pesca y la acuicultura ingresaran al Fondo de Actividades Especiales de CENDEPESCA y se destinaran para atender actividades de capacitacion, monitoreo de recursos, investi;0
asistencia técnica;e18d168_247; las asociaciones de pescadores artesanales juridicamente constituidas tendran en los primeros diez años de esta Ley asistencia preferencial en los programas de capacitacion y asistencia tecnica que impulse CENDEPESCA;1
asistencia técnica;ee138a1_13;"En caso de la mineria artesanal de pequeña escala para subsistencia familiar, artesanal y gliriseros, tendra un plazo de dos años, contados a partir de la entrada en vigencia de esta ley, para reconvertirse a otra actividad productiva; para ello, contaran con el apoyo, el asesoramiento y la asistencia tecnica y financiera del Estado salvadoreño";1
ayuda;00a55af_61;Para esta clase de ayuda sera prioritario planificar proyectos que sean gestionados ante los organismos respectivos;1
ayuda;15169f7_58;Para esta clase de ayuda sera prioritario planificar proyectos que sean gestionados ante los organismos respectivos;1
ayuda;17252d8_50;d) Coordinar ayuda tecnica y economica con instituciones de Gobierno, Cooperacion Internacional y otros para el tratamiento de aguas residuales;1
ayuda;29c84d6_47;f) Coordinar ayuda tecnica y economica con Instituciones de Gobierno, Cooperacion Internacional y otros, para el tratamiento de aguas residuales;1
ayuda;303730b_146;- Los proyectos sociales de beneficio colectivo, que en su constitucion y naturaleza esten declarados sin fines de lucro, y que dentro de sus objetivos tengan la generacion de valores, principios y practicas positivas tal como: Iglesias, Fundaciones o Aso;0
ayuda;323ef51_92;- Todo propietario, poseedor, usufructuario, arrendatario o mero detentador de bosque, suelos forestales y zonas protectoras, reserva forestales y parques municipales y nacionales, estan obligados a facilitar el exceso, transito o permanencia dentro de di;0
ayuda;4e220b5_119;colaboren en la prevencion o extincion de incendios, prestandoles la ayuda necesaria para el cumplimiento de su actividad;0
ayuda;66d8c54_62;Para esta clase de ayuda sera prioritario planificar proyectos que sean gestionados ante los organismos respectivos;1
ayuda;889f980_555;- Ante la inminencia u ocurrencia de un desastre ambiental, la Municipalidad solicitara a las instituciones pertinentes del Estado, se declarare el estado de emergencia ambiental por el tiempo que persista la situacion y sus consecuencias, abarcando toda ;0
ayuda;8e81fe2_558;- Ante la inminencia u ocurrencia de un desastre ambiental, la Municipalidad demandara de las instituciones pertinentes del Estado, el concesionario del puerto y la empresa naviera responsable, se declarare el estado de emergencia ambiental por el tiempo ;0
ayuda;930897c_161;Gestionar ayuda tecnica y economica con instituciones de Gobierno, Cooperacion Internacional y otros, para el tratamiento de las aguas residuales;1
ayuda;b8ff0ff_93;"f Gestionar y captar ayuda tecnica y economica con las instituciones del Gobierno, la Cooperacion Internacional y otras entidades orientada al tratamiento de aguas residuales;";1
ayuda;e2bb383_230;- Ante la inminencia u ocurrencia de un desastre ambiental, el Organo Ejecutivo, declarara el estado de emergencia ambiental por el tiempo que persista la situacion y sus consecuencias, abarcando toda la zona afectada, adoptando medidas de ayuda, asistenc;0
ayuda;ea91c69_93;Gestionar ayuda tecnica y economica con instituciones de Gobierno, Cooperacion Internacional y otros, para el tratamiento de las aguas residuales;1
bono;00a55af_80;La Municipalidad en coordinacion con la Mancomunidad Trinacional Fronteriza Rio Lempa, Entregar anualmente implementaran anualmente la entrega, a los propietarios de bosques y areas naturales, bonos o incentivos forestales, con el fin de lograr la conservacion de dichas areas;1
bono;15169f7_75;La Municipalidad en coordinacion con la Mancomunidad Trinacional Fronteriza Rio Lempa, implementaran anualmente la entrega, a los propietarios de bosques y areas naturales, bonos o incentivos forestales, con el fin de lograr la conservacion de dichas areas;1
bono;66d8c54_81;Entregar anualmente, a los propietarios de bosques y areas naturales, bonos o incentivos forestales, con el fin de lograr la conservacion de dichas areas;1
bono;d44820b_34;En el caso del Fondo de Saneamiento y Fortalecimiento Financiero, este debera recibir el pago referido, ya sea por medio de efectivo, de los antes relacionados bonos, o con bienes inmuebles, cuyos precios se estableceran por medio de un perito valuador inscrito en la Superintendencia del Sistema Financiero;0
bono;d44820b_51;- Autorizase al BFA para que transfiera al FOSAFRI, los prestamos de su cartera que sean objeto de aplicacion de esta Ley, y a este para que entregue en pago de dicha cartera bonos de la Reforma Agraria;0
crédito;0f03aa3_641;Actividades/Usos de Suelo Permitidos: Aseguradora de vehiculos, cajas de ahorro y credito, bancos, cooperativas;0
crédito;0f03aa3_552;Actividades/Usos de Suelo Permitidos: Aseguradora de vehiculos, cajas de ahorro y credito, bancos, cooperativas;0
crédito;0f03aa3_725;Actividades/Usos de Suelo Prohibidos: Aseguradora de carros, bancos, cajas de ahorro y credito, cooperativas, autobancos;0
crédito;0f03aa3_1077;Actividades/Usos de Suelo Prohibidos: Autobanco, aseguradora de vehiculos, cajas de ahorro y credito, bancos, aseguradoras, cooperativas;0
crédito;0f03aa3_803;Actividades/Usos de Suelo Prohibidos: Aseguradora de carros, bancos, cajas de ahorro y credito, cooperativas;0
crédito;0f03aa3_939;Actividades/Usos de Suelo Prohibidos: Aseguradora de carros, bancos, cajas de ahorro y credito, cooperativas, autobancos;0
crédito;0f03aa3_1142;Actividades/Usos de Suelo Prohibidos: Aseguradora de vehiculos, cajas de ahorro y credito, bancos, Cooperativas;0
crédito;1cd36a0_11;"- La presente ley tiene por objeto contribuir a enfrentar la crisis generada por la caida de los precios del cafe y los daños por el fuerte rebrote de la roya del cafeto; asimismo, seguir contribuyendo a la reactivacion del sector cafetalero, mediante la ";1
crédito;1cd36a0_15;- Durante la vigencia del presente Decreto se suspenden los juicios de naturaleza ejecutivo mercantil o civil que implique embargo, asi como los que esten iniciados o se encuentren en cualquier etapa del proceso judicial ejecutivo o mercantil en contra de;1
crédito;21dcf30_155;"El valor de la compra de un semoviente, sera asentado por el Elaborador de Cartas de Venta, en base a los datos quedan aportado los celebrantes a los Revisadores de Ganado; sin embargo, este debe estar acorde a los valores vigentes del mercado, cuidando de que no se subvalore para evadir el pago de la renta, ni tampoco debe permitir que se sobrevalore para la obtencion de creditos";0
crédito;265c79d_67;ACTIVIDADES/USOS DE SUELO PERMITIDOS: Aseguradora de vehiculos, cajas de ahorro y credito, bancos, Cooperativas;0
crédito;2947ddf_114;ACTIVIDADES/USOS DE SUELO PERMITIDOS: Aseguradora de vehiculos, cajas de ahorro y credito, bancos, Cooperativas;0
crédito;2947ddf_137;ACTIVIDADES/USOS DE SUELO PERMITIDOS: Aseguradora de vehiculos, cajas de ahorro y credito, bancos, Cooperativas;0
crédito;2b97317_113;"- El valor de la compra de un semoviente, sera asentado por quien elabora las Cartas de Venta, en base a los datos aportado por los celebrantes a los Revisadores de Ganado; sin embargo, este debe estar acorde a los valores vigentes del mercado, cuidando d";0
crédito;3294386_14;La presente ley especial transitoria tiene por objeto apoyar a los productores de cafe, que han sido afectados por la disminucion de los precios internacionales del cafe y por los efectos del cambio climatico, como ataques virulentos de roya del cultivo del cafe, que hayan comprobado su moralidad de pago ante sus acreedores y hayan expresado a su acreedor respectivo y al Ministerio de Agricultura y Ganaderia, su decision de acogerse al Programa de Rescate del Sector Cafe, mediante la suspension de procesos judiciales iniciados contra deudores de los bancos integrantes del sistema financiero estatal, por creditos relacionados con la produccion de cafe y contratados durante los ultimos cinco años, contados a partir del año 2012;1
crédito;3294386_15;Quedan suspendidos temporalmente, a partir de la vigencia del presente Decreto y hasta por seis meses, los procesos judiciales relacionados al incumplimiento de pagos de capital e intereses, sobre la deuda contraida con fondos provenientes de saldos de avio o insolutos, lineas de creditos de cafetales y todos aquellos relacionados a la caficultura que hayan sido otorgados por la banca estatal, ya sea con fondos propios de los bancos integrantes del sistema financiero estatal o del Banco de Desarrollo de El Salvador (BANDESAL), aplicados a cuotas de pago, a partir de enero del año 2013 y subsiguientes hasta antes de entrar en vigencia el presente decreto, cumpliendo los siguientes requisitos:;1
crédito;3294386_24;"Durante la vigencia del presente Decreto se suspenden los juicios de naturaleza ejecutiva mercantil o civil que impliquen embargo; asi como los juicios que esten iniciados o se encuentren en cualquier etapa del proceso judicial promovido por la banca estatal en contra de los productores de cafe, que se encuentren en deuda con fondos provenientes de los creditos relacionados con la caficultura, siempre y cuando estos cumplan con los requisitos establecidos en el articulo 2 del presente Decreto";1
crédito;5ea6d0c_197;ACTIVIDADES/ USOS DE SUELO ALTERNATIVOS: Cooperativas, Aseguradora de vehiculos, bancos, cajas de ahorro y credito, autobancos;0
crédito;5ea6d0c_148;ACTIVIDADES/USOS DE SUELO PERMITIDOS: Aseguradora de vehiculos, cajas de ahorro y credito, bancos, Cooperativas;0
crédito;643a949_7;"- Para viabilizar el cumplimiento del objeto de esta Ley, crease la institucion oficial de credito descentralizada denominada: ""BANCO DE TIERRAS”, que en adelante se denominara el BANCO";0
crédito;643a949_10;"- Seran sujetos de credito del ""BANCO"" los campesinos, agricultores en pequeño y pequeños productores, mayores de dieciocho años, que no sean propietarios de inmuebles rusticos, o que teniendolos, su extension superficial no exceda a las determinadas en e";0
crédito;643a949_18;Para los fines señalados en este articulo, las personas de dieciocho años se consideran habilitadas de edad para la obtencion de creditos destinados a la compra de inmuebles, asi como para constituir hipotecas a favor del BANCO, en garantia del pago correspondiente;0
crédito;643a949_26;"Conceder creditos a campesinos, agricultores en pequeño y pequeños productores, a fin de que estos adquieran tierras con vocacion agricola, pecuaria o forestal;";1
crédito;643a949_28;"Adquirir creditos hipotecarios, previamente calificados, de las instituciones del sistema financiero, siempre que tales creditos no esten en mora y se hayan originado de operaciones similares a las reguladas por esta ley;";1
crédito;70be962_15;"El Fideicomiso podra ser de inversion, administracion, de otorgamiento de creditos y servir de base para la emision de certificados fiduciarios de participacion, pudiendo realizar la compra y administracion de carteras de credito; por lo que, por medio del fiduciario, tendra entre otras la responsabilidad de administrar bienes fideicomitidos, entendiendose como parte de dicha administracion, el traslado de los fondos a los fideicomisarios productores del cafe legalmente registrados como tales en el Consejo Salvadoreño del Cafe; asi como el otorgamiento de creditos a estos; todo de conformidad a lo dispuesto en la presente ley y a las instrucciones que debe emitir el Consejo Ejecutivo regulado por esta ley, en adelante ""El Consejo""";1
crédito;70be962_31;"No obstante lo anterior, el fiduciario, cuando asi lo acuerde y lo apruebe el Consejo Ejecutivo, podra contratar creditos a cargo y para fines del fideicomiso, recibir donaciones, ya sea con gobiernos internacionales, bancos, organismos nacionales o internacionales que ofrezcan lineas de creditos en condiciones favorable; de todo ello respondera con los bienes fideicomitidos";1
crédito;70be962_64;Lo anterior, sin perjuicio de lo establecido en cualquier ley que establezca condiciones financieras especiales para la reactivacion de caficultores con creditos con el sistema financiero nacional;1
crédito;70be962_87;Conocer y aprobar la suscripcion y modificacion de los convenios o contratos a celebrarse con instituciones gubernamentales, financieras o con otros terceros, los cuales deberan ser idoneos para cumplir con los objetivos establecidos en el articulo 1 de esta ley, dentro de los cuales se podra suscribir contratos de compra y de administracion de cartera de creditos, en las condiciones que determina el Consejo;1
crédito;70be962_92;"Conceder con los recursos del fideicomiso, creditos a los fideicomisarios productores de cafe legalmente registrados como tales en el Consejo Salvadoreño de Cafe, los cuales podran ser otorgados en condiciones favorables que contemplen, dentro de otros, periodos de gracia, tasa de interes y plazos preferenciales; siempre que el destino de dichos creditos cumplan con el objeto del fideicomiso, todo de conformidad a lo establecido en la presente ley";1
crédito;70be962_93;Para tales efectos, el Consejo emitira las politicas y aprobara los instrumentos normativos para el otorgamiento de dichos creditos, asi como para su administracion, recuperacion, negociacion, dentro de otros aspectos;1
crédito;70be962_94;Asi mismo, podra conocer y aprobar sobre la contratacion de creditos a cargo y para fines del fideicomiso, ya sea con gobiernos internacionales, bancos, organismos nacionales o internacionales que ofrezcan lineas de creditos en condiciones favorables o aprobar la titularizacion de activos;1
crédito;70be962_96;Acordar la compra de cartera de creditos otorgados a los fideicomisarios productores de cafe legalmente registrados como tales en el Consejo Salvadoreño del Cafe, dentro de los limites establecidos por las normas, politicas o criterios que dicte el Consejo Ejecutivo, teniendo como base;1
crédito;70be962_97;Para lo anterior, se tendra como normativa propia del fideicomiso de acuerdo a su necesidad financiera u otras condiciones de conveniencia, incluyendo la facultad de pagar con certificados fiduciarios de participacion a los acreedores que corresponda, asi como la de aceptar la adquisicion de la cartera a descuento, partiendo de la evaluacion que se haga de los creditos que componen la misma;0
crédito;70be962_98;Caracteristicas de los creditos fiduciarios de participacion (;0
crédito;753300f_275;- El financiamiento para realizar todas aquellas actividades vinculadas a la gestion integral de residuos debe formar parte de los programas del Banco de Desarrollo de El Salvador, Banco de Fomento Agropecuario y Banco Hipotecario de El Salvador , a trave;1
crédito;a9bb3c2_28;Los recursos que se obtengan de las diferentes operaciones del credito autorizadas por esta Ley;0
crédito;d44820b_21;- La presente Ley tiene por objeto contribuir a la reactivacion del sector agropecuario mediante la readecuacion de los creditos a su valor actual, y el establecimiento de los mecanismos financieros que permitan cancelar las deudas contraidas por los adju;1
crédito;d44820b_25;"3 millones de colones, Fondos surgidos del convenio de donacion, proyecto AID No 519-0307, modificado mediante Carta de Implementacion No 39 del 20 de febrero de 1996; con la finalidad de convertir atodos los relacionados deudores en sujetos de credito con el Sistema Financiero";1
crédito;d44820b_29;"b) Los usuarios” pertenecientes al Sector Agropecuario deudores de las siguientes instituciones: FOSAFFI, FFRAP, BFA y FIDEAGRO, cuyas deudas fueron contraidas para financiar las actividades agropecuarias a que se refiere el Art 8 de esta Ley, calificados y no calificados bajo los beneficios de la Ley para la Rehabilitacion de los-Sectores Productivos Directamente Afectados por el Conflicto; en lo que respecta al BFA y FIDEAGRO los no calificados seran aquellos cuyos creditos fueron otorgados antes del dia 31 de diciembre de 1991, debiendo ademas estar calificados dentro de las categorias “D o E” a la fecha de vigencia de esta Ley; y, (";1
crédito;d44820b_30;c) Los usuarios correspondientes al Sector Agropecuario deudores del BFA, que fueron calificados bajo el instructivo para la calificacion de casos especiales de usuarios directamente afectados por el conflicto, cuyos creditos estan calificados en la categoria de riesgo *C”, aprobado por el Banco Central de Reserva de El Salvador;1
crédito;d44820b_31;"d) Los usuarios de la Cartera de Prestamos manejada por las distintas Instituciones Financieras, incluyendo FOSAFFI, cuyos fondos provienen de la linea de credito creada por el Banco Central de Reserva y denominada linea de Financiamiento de Cultivos Forestales y Obras de Recuperacion y Conservacion del Medio Ambiente, dentro del Fondo de Credito para el Medio Ambiente FOCAM y que sirvieron para financiar proyectos de siembra de cultivos forestales, por un monto de ochenta y dos millones trescientos mil colones y que fueron desglosados para este fin del convenio de donacion, proyecto AID N 519-0307, del año 1986 y modificado para los fines descritos, mediante carta de implementacion No 39 del 20 de febrero de 1996; siempre y cuando los creditos contraidos por dichos usuarios para este objetivo, hayan sido otorgados como fecha maxima hasta el 31 de diciembre del 2002, y se encuentren con una mora de no menos de noventa dias a la entrada en vigencia de este decreto; y ademas demuestren fehacientemente que dichos creditos fueron utilizados para tal fin";1
crédito;d44820b_32;"Para la comprobacion de que los referidos creditos hayan sido utilizados para la siembra y cultivos de areas forestales, deberan participar la Direccion General de Ordenamiento Forestal, Cuencas y Riegos del Ministerio de Agricultura y Ganaderia; las instituciones que actualmente manejan la Cartera de dichos creditos, y el usuario del mismo; siendo la Direccion la responsable de emitir la resolucion que establezca si el credito otorgado fue utilizado o no para los fines descritos";1
crédito;d44820b_33;- Como consecuencia de la readecuacion de los creditos a su valor actual, quedan autorizadas las instituciones acreedoras citadas en el Art 1, de esta Ley, para dar por cancelados los prestamos adeudados, con el pago del 10 % del saldo de capital e intere;0
crédito;d44820b_38;La cobertura de la garantia hipotecaria de los creditos antes mencionados, no exesdera del 125% del monto del credito conforme a valon actual, realizado por Peritos registrados en la- Superintendencia del Sistema Financiero;0
crédito;d44820b_40;El resultado de los valuos practicados en las garantias ofrecidas por los deudores, efectuados por los Peritos registrados en la Superintendencia del Sistema Financiero, debera estar a la disposicion de los solicitantes de los respectivos creditos;0
crédito;d44820b_53;A Asimismo, se autoriza al Instituto Salvadoreño de Transformacion Agraria, para que transfiera al Fideicomiso Especial para financiar el Pago de la Deuda Agraria, la Cartera de Prestamos resultantes de la adjudicacion de inmuebles de los beneficiarios citados en la letra a) del Art 2 de la presente Ley, aplicando al saldo de capital e intereses de cada credito a la fecha de operacion, el 85% de descuento como beneficio establecido en el Art3 de misma, quedando en tal sentido cancelados los referidos creditos con el Instituto Salvadoreño de Transformacion Agraria, y al Fideicomiso Especial para Financiar el Pago de la Deuda Agraria, autorizandose al Fideicomiso para recibirlos como creditos nuevos y en concepto de aporte a su capital, debiendo ajustarse el monto de las cuotas de pago hasta por el plazo establecido en el referido Fideicomiso;0
crédito;d44820b_58;de gastos administrativos, y notariales de escrituracion del respectivo instrumento de adjudicacion de su parcela o credito respectivo como consecuencia de la aplicacion de esta Ley;0
crédito;d44820b_59;"No obstante lo establecido en el inciso anterior, los fondos en efectivo que actualmente posee el Instituto Salvadoreño de Transformacion Agraria, provenientes del pago de la deuda agraria, y las inversiones realizadas por este mismo Instituto en el BFA en ""Certificados de Deposito Especial para la Cancelacion de Deudas Agrarias y Agropecuarias"" que se llamaran CEDECADA, deberan ser transferidos al Estado de El Salvador en el ramo de Hacienda, hasta por las cantidades que mas adelante se mencionan, para que se constituya un Fideicomiso con el BFA, a fin de financiar el pago del 15% de la deuda agraria de las asociaciones cooperativas y de los beneficiarios individuales, todos deudores del mencionado Instituto; asimismo, los fondos en efectivo que el ISTA reciba en concepto de pago de la deuda agraria, originados de creditos financiados con recursos del Fideicomiso que por esta Ley se crea, seran transferidos a este Fideicomiso para su fortalecimiento";1
crédito;d44820b_62;Se faculta al FEPADA para que adquiera el cien por ciento de su valor de capital e intereses, la cartera del BFA referente a los creditos existentes a la fecha de vigencia de este Decreto, que financio para el pago de la deuda agraria de las asociaciones cooperativas y beneficiarios individuales, a traves de los CEDECADA;0
crédito;d44820b_66;- Para la aplicacion de esta Ley se entenderan como creditos al sector agropecuario, los otorgados para financiar inversiones y capital;0
crédito;d44820b_67;"de trabajo para las siguientes actividades; a) Agricolas y Ganaderas; b) Pesca Artesanal no industrial hasta por cien-mil colones, cuando-se trate de creditos otorgados a personas a titulo individual; y hasta quinientos mil colones, si se tratare de creditos otorgados en forma colectiva; C) Proyectos de acuicultura; d) Creditos otorgados para el financiamiento de obras de recuperacion y conservacion del medio ambiente, asi como para la siembra de cultivos forestales, provenientes de la linea FOCAM; e) creditos otorgados para el pago de deudas cuyo origen o destino fue el financiamiento de una actividad agricola o ganadera; y f) los refinanciamientos de los creditos mencionados en este inciso";1
crédito;d44820b_69;Tierras con Vocacion Agropecuaria, cuyos creditos fueron anulados por resolucion de Junta Directiva, por renuncia del adjudicatario, y por declaratoria de abandono o dacion de pago;0
crédito;d44820b_70;Tampoco se aplicaran los beneficios de esta Ley alos creditos de pre exportacion y exportacion;0
crédito;d44820b_71;- Para los efectos de esta Ley, se considerara como una sola obligacion crediticia el saldo de capital e intereses adeudados del, o de los creditos que las Asociaciones Cooperativas tengan, provenientes del valor de la tierra, adelantos ISTA, BFA, y deuda;0
crédito;e18d168_245;El Estado promovera lineas de credito preferenciales para la reactivacion y promocion de la pesca y la acuicultura nacional;1
crédito;e18d168_246;Las licencias que esten debidamente registradas podran ser otorgadas como garantias en la contratacion de creditos para la actividad pesquera y acuicola;0
crédito;e2bb383_181;El Banco Multisectorial de Inversiones establecera lineas de credito para que el sistema financiero apoye a la pequeña, mediana y microempresa, a fin de que puedan oportunamente adaptarse a las disposiciones de la presente ley;1
crédito;e3b7f39_195;Gestionar cooperacion internacional orientada a brindar creditos blandos a los agricultores que se dediquen a la produccion de semillas criollas, viveros, zoo criaderos, y otras actividades acordes con la conservacion;1
crédito;e3b7f39_233;- La municipalidad debera gestionar creditos blandos a nivel municipal orientados a:;0
crédito;f082837_3;"Que el Art 2 del referido Decreto Legislativo No 320, establecio el plazo de un año, para suspender los procesos judiciales relacionados al incumplimiento de pago de capital e intereses, sobre la deuda contraida con fondos provenientes de saldos de avio o insolutos, lineas de credito de cafetales y todos aquellos relacionados a la caficultura que hayan sido otorgados por el Banco de Fomento Agropecuario, Banco Hipotecario o del Banco de Desarrollo de El Salvador (BANDESAL), aplicados a cuotas de pago, a partir de enero del año 2012 y subsiguientes hasta antes de entrar en vigencia dicho decreto, el cual vencera el 28 de mayo del 2020; y asi tambien la suspension temporal de los embargos que cumplan con las condiciones establecidas, a partir de la vigencia del presente decreto";1
crédito;f082837_6;Que la caficultura, se ha visto afectada por una grave crisis, debido al ataque de la roya a los cafetales, bajos precios internacionales, deuda de los creditos otorgados a la produccion de cafe y la falta de una politica integral de apoyo al desarrollo del cafe, lo que ha ocasionado la mas baja cosecha del ultimo siglo, fuerte caida de divisas y empleo, asi como el impacto al medio ambiente;0
crédito;f082837_10;La presente ley especial transitoria tiene por objeto apoyar a los productores de cafe que han sido afectados por la disminucion de los precios internacionales del cafe y por los efectos del cambio climatico, como tambien ataques severos de la roya y otras enfermedades que han afectado el cultivo del cafe y que deseen regularizar su situacion crediticia, debiendo comprobar que tuvieron perdidas en las cosechas y baja produccion de cafe, lo cual no les permitio cumplir con el pago oportuno de sus obligaciones crediticias, no obstante ellos gestionaron algun arreglo de pago-con sus acreedores entendiendose esto, como comprobacion de su moralidad de pago en sus creditos y hayan expresado ante su acreedor respectivo y al Ministerio de Agricultura y Ganaderia su decision de acogerse al Programa de Rescate del Sector Cafe cualquier otro programa desarrollado por el ejecutivo para tal fin, mediante la suspension de los Procesos Judiciales iniciados contra los deudores de los, Bancos de Fomento Agropecuario, Banco Hipotecario de El Salvador, S:y del Banco de Desarrollo de El Salvador (BANDESAL), por los creditos relacionados con la produccion de cafe, contratados a partir del año 2012 hasta el año 2019;1
crédito;f082837_11;"Quedan suspendidos temporalmente, a partir de la vigencia del presente decreto por un año, los procesos judiciales iniciados por el incumplimiento del pago de capital e intereses, sobre las deudas contraidas con' fondos provenientes de saldos de avio o insolutos, lineas de creditos de cafetales y todos aquellos relacionados a la caficultura, ya sea otorgados con fondos propios del Banco de Fomento Agropecuario y Banco Hipotecario de El Salvador, ; asi como del Banco de Desarrollo de El Salvador (BANDESAL), aplicados a cuotas de pago, a partir de la vigencia del presente Decreto Legislativo, a favor de los deudores del sector cafe que cumplan los requisitos siguientes:";1
crédito;f082837_18;"Los beneficiarios del presente decreto, no estaran obligados a presentar solvencias de pago de impuestos que sea requerida por otra normativa; y en relacion a los fines de reactivacion del sector cafetalero, para efectos de viabilizar la adquisicion de nuevos creditos y la reestructuracion de las deudas presentes que se encuentren pendientes de pago, no se consideraran las calificaciones de riesgos de los deudores en las normas para clasificar los activos de riesgo crediticio y tampoco para constituir las reservas de saneamiento y sus anexos (NCB-, emitida por el Banco Central de Reserva de El Salvador";0
incentivo;00a55af_32;Fomentar la responsabilidad ciudadana para el establecimiento de mecanismos de Pago por Servicios Ambientales (PSA) e incentivos forestales que ofrece el bosque, para su conservacion y sostenibilidad de los recursos naturales del mismo;0
incentivo;00a55af_75;"- Los incentivos son aspectos fundamentales para el desarrollo de las politicas municipales, ya que contribuyen a la motivacion de los ciudadanos y ciudadanas, jovenes, organizaciones sociales, asociaciones comunales; ONGs, instituciones educativas, propi";0
incentivo;00a55af_82;- La municipalidad gestionara recursos economicos junto con el ente rector, en entidades publicas y privadas, nacionales e internacionales, para la obtencion de los fondos necesarios para desarrollar un programa de incentivos forestales;1
incentivo;0d090c5_34;e) Disponer o gestionar recursos para desarrollar un sistema de incentivos encaminados a estimular a los agricutores y/o Asociaciones Comunales a proteger las fuentes de abastecimiento de agua y los recursos hidricos en general;1
incentivo;15169f7_31;Fomentar la responsabilidad ciudadana para el establecimiento de mecanismos de Pago por Servicios Ambientales (PSA) e incentivos forestales que ofrece el bosque, para su conservacion y sostenibilidad de los recursos naturales del mismo;0
incentivo;15169f7_71;- Los incentivos son aspectos fundamentales para el desarrollo de las politicas municipales, ya que contribuyen a la motivacion de los ciudadanos y ciudadanas, jovenes, organizaciones sociales, asociaciones comunales, ONGS, instituciones educativas, propi;0
incentivo;15169f7_77;- La municipalidad gestionara recursos economicos junto con el ente rector, en entidades publicas y privadas, nacionales e internacionales, para la obtencion de los fondos necesarios para desarrollar un programa de incentivos forestales;1
incentivo;2369a4b_74;Para este efecto, el gobierno municipal gestionara ante el Ministerio de Agricultura y Ganaderia o al Ministerio de Medio Ambiente y Recursos Naturales, el otorgamiento de incentivos economicos y la asistencia tecnica necesaria para el desarrollo de programas encaminados al fomento de practicas o tratamientos conservacionistas;1
incentivo;48bdadf_142;La Municipalidad definira reglamentariamente, un cuadro de sanciones e incentivos para las familias que cumplan o no con esta disposicion;1
incentivo;48bdadf_204;- Los instrumentos en los que se fomentara la gestion y conciencia ambiental son: la educacion, los planes de gestion, los incentivos y el registro ambiental;1
incentivo;51a0d9e_30;Disponer o gestionar recursos para desarrollar un sistema de incentivos encaminados a estimular a los agricultores y/o;1
incentivo;5bd487f_10;- Crease una nueva Comision Forestal, en adelante denominada la Comision, como un organismo consultivo de concertacion y coordinacion del sector forestal responsable de velar por el desarrollo tecnologico e industrial de los recursos forestales, incentivo;0
incentivo;5bd487f_18;alternos y complementarios de financiamiento e incentivos al sector forestal, promover los beneficios economicos y servicios eco sistemicos de la cobertura arborea;1
incentivo;5bd487f_21;Apoyar en la elaboracion de programas de incentivos forestales;0
incentivo;5c54e9a_56;Para este efecto, el gobierno municipal gestionara ante el Ministerio de Agricultura y Ganaderia o al Ministerio de Medio Ambiente y Recursos Naturales, el otorgamiento de incentivos economicos y la asistencia tecnica necesaria para el desarrollo de programas encaminados al fomento de practicas o tratamientos conservacionistas;1
incentivo;66d8c54_33;Fomentar la responsabilidad ciudadana para el establecimiento de mecanismos de Pago por Servicios Ambientales (PSA) e incentivos forestales que ofrece el bosque, para su conservacion y sostenibilidad de los recursos naturales del mismo;0
incentivo;66d8c54_77;- Los incentivos son aspectos fundamentales para el desarrollo de las politicas municipales, ya que contribuyen a la motivacion de los ciudadanos y ciudadanas, jovenes, organizaciones sociales, asociaciones comunales, ONGs, instituciones educativas, propi;0
incentivo;66d8c54_83;- La municipalidad gestionara recursos economicos junto con el ente rector, en entidades publicas y privadas, nacionales e internacionales, para la obtencion de los fondos necesarios para desarrollar un programa de incentivos forestales;1
incentivo;70be962_10;El Fideicomiso se constituira por un plazo de 50 años y su objeto sera mejorar la situacion climatica, hidrica y economica de El Salvador, a traves de la reestructuracion de la deuda y del fortalecimiento del sector cafetalero, la renovacion del bosque cafetalero, otorgando apoyos, incentivos, financiamiento y otros beneficios a los productores de cafe legalmente registrados como tales en el Consejo Salvadoreño del Cafe;1
incentivo;70be962_11;Los apoyos, incentivos y beneficios, junto con sus respectivos procedimientos, podran ser presentados a propuesta del Ministerio de Agricultura y Ganaderia y aprobados por el Consejo Ejecutivo del Fideicomiso, los cuales deberan ir destinados a incrementar la competitividad del sub-sector, por medio de: (;1
incentivo;70be962_22;Los fideicomisarios seran el Estado y el Gobierno de El Salvador y los productores de cafe legalmente registrados como tales en el Consejo Salvadoreño del Cafe y que califiquen para recibir los apoyos, incentivos o beneficios generales en virtud del fideicomiso;0
incentivo;70be962_52;Trasladar a los fideicomisarios productores de cafe legalmente registrados como tales en el Consejo Salvadoreño del Cafe, los apoyos, incentivos y beneficios a que hace referencia el articulo 1 de esta ley, todo de conformidad a los requisitos y procedimientos que contemple el reglamento operativo que apruebe al efecto el Consejo Ejecutivo del fideicomiso;1
incentivo;7289291_64;Para este efecto, la municipalidad gestionara ante el Ministerio de Agricultura y Ganaderia o al Ministerio de Medio Ambiente y Recursos Naturales, el otorgamiento de incentivos y la asistencia tecnica necesaria para el desarrollo de programas encaminados al fomento de practicas o tratamientos conservacionistas;1
incentivo;753300f_106;Verificar el cumplimiento de las disposiciones de la presente ley, y demas ordenamientos juridicos en materia de residuos, de acuerdo a su competencia, estableciendo los procedimientos, incentivos o sanciones correspondientes;0
incentivo;753300f_287;- El MARN, conjuntamente con el Ministerio de Economia y el Ministerio de Hacienda, deben desarrollar programas de incentivos relacionados al Sistema Integral de Gestion de Residuos y Reciclaje, tomando en consideracion, al menos, lo establecido en los ar;1
incentivo;76b6e7f_107;Para este efecto, el gobierno municipal gestionara ante el Ministerio de Agricultura y Ganaderia o al Ministerio de Medio Ambiente y Recursos Naturales, el otorgamiento de incentivos economicos y la asistencia tecnica necesaria para el desarrollo de programas encaminados al fomento de practicas o tratamientos conservacionistas;1
incentivo;7bd959f_213;Las empresas u operadores turisticos establecidos o que presten sus servicios en el municipio podran gozar de los beneficios e incentivos otorgados por el Concejo Municipal;0
incentivo;7c3fe0d_171;- Los incentivos podran ser en forma de: reconocimientos publicos a la buena labor realizada, facilitacion de insumos agricolas, asistencia tecnica, realizacion de obras, apoyos para mejorar la comercializacion y toda aquella accion que pueda ser un benef;0
incentivo;7c3fe0d_172;- El Concejo Municipal, creara un Fondo Ambiental Municipal y su reglamento de uso, priorizando la proteccion del recurso hidrico y los mecanismos de compensacion e incentivos necesarios;0
incentivo;7c3fe0d_175;- Los incentivos que se brinden, dependeran de las posibilidades economicas de que disponga el gobierno local;0
incentivo;7c3fe0d_176;Dicha estrategia municipal, no otorga derecho a los productores(as) a reclamar incentivo alguno;0
incentivo;7c3fe0d_177;Tendran prioridad en recibir incentivos los productores que se encuentren en las Areas de Regulacion Especial y que implementen buenas practicas agricolas;0
incentivo;85d7464_28;d) Disponer o gestionar recursos para desarrollar un sistema de incentivos encaminados a estimular a los Agricultores y/o Asociaciones Comunales a proteger los suelos;1
incentivo;88ad2ff_52;El Municipio establecera los incentivos a conceder cuando se lleve a cabo la actuacion por los sistemas de compensacion o cooperacion;1
incentivo;8fb61f8_178;d) Participar en la promocion y ejecucion de los programas para la capacitacion de recursos humanos) Gozar de los beneficios o incentivos que emita el Concejo Municipal;0
incentivo;901a837_73;- El Gobierno Municipal fomentara la coordinacion entre las agencias que proporcionen incentivos en bienes forestales y los propietarios de inmuebles que tienen en deterioro sus bosques o suelos, para lograr el aprovechamiento forestal y que se efectuen t;0
incentivo;930897c_256;Tambien, se podra invertir para desarrollar proyectos productivos o fortalecer el incentivo de subsistencia de las personas que se vean afectadas por las vedas;0
incentivo;a9bb3c2_9;Llevar el Registro Nacional de Turismo, tanto de titulares de empresas turisticas como de los incentivos legales otorgados a dichas empresas;0
incentivo;cefe040_65;- Es obligacion de todo propietario de terreno con pendientes del doce por ciento, establecer practicas u obras de conservacion de suelo y agua basados en barreras muertas y vivas, segun la disponibilidad de estos, para evitar la erosion de los suelos, co;0
incentivo;cfe0ee3_92;- Todo productor agricola residente en la jurisdiccion de este municipio debera asistir a las jornadas de educacion ambiental impartidas o coordinadas por la Unidad Ambiental, la cual debera llevar un registro de los temas que ha recibido cada productor a;0
incentivo;d491a15_173;- Los incentivos podran ser en forma de: reconocimientos publicos a la buena labor realizada, facilitacion de insumos agricolas, asistencia tecnica, realizacion de obras, apoyos para mejorar la comercializacion y toda aquella accion de beneficio directo p;0
incentivo;d491a15_174;- La Municipalidad creara un Fondo de Agua y Agricultura, en adelante el FOA y su reglamento de uso, priorizando la proteccion de las fuentes de agua, el cumplimiento del Art 5 de la presente Ordenanza y los mecanismos de compensacion e incentivos;0
incentivo;d491a15_177;Los incentivos dependeran de las posibilidades economicas de que disponga la Alcaldia;0
incentivo;d491a15_178;Esta apuesta estrategica, no otorga derecho a los productores a reclamar incentivo alguno;0
incentivo;d491a15_179;Tendran prioridad en recibir incentivos los productores que se encuentren en las Areas de Regulacion Especial y que implementen buenas practicas agricolas;0
incentivo;d6c44cc_184;- Los incentivos podran ser en forma de: reconocimientos publicos a la buena labor realizada, facilitacion de insumos agricolas, asistencia tecnica, realizacion de obras, apoyos para mejorar la comercializacion y toda aquella accion que pueda ser un benef;0
incentivo;d6c44cc_185;- La alcaldia creara un Fondo Ambiental Municipal y su reglamento de uso, priorizando la proteccion del recurso hidrico y los mecanismos de compensacion e incentivos necesarios;0
incentivo;d6c44cc_187;Los incentivos dependeran de las posibilidades economicas de que disponga la Alcaldia;0
incentivo;d6c44cc_188;Esta apuesta estrategica de la Alcaldia no otorga derecho a los productores a reclamar incentivo alguno;0
incentivo;d6c44cc_189;Tendran prioridad en recibir incentivos los productores que se encuentren en las Areas de Regulacion Especial y que implementen buenas practicas agricolas;0
incentivo;e2bb383_21;"m) Adoptar regulaciones que permitan la obtencion de metas encaminadas a mejorar el medio ambiente, propiciando una amplia gama de opciones posibles para su cumplimiento, apoyados por incentivos economicos que estimulen la generacion de acciones minimizantes de los efectos negativos al medio ambiente; y, (";1
incentivo;e2bb383_110;"e) Los Programas de Incentivos y Desincentivos Ambientales;";1
incentivo;e2bb383_179;- El Ministerio, conjuntamente con el Ministerio de Economia y el de Hacienda, previa consulta con el Consejo Nacional de Desarrollo Sostenible, elaborara programas de incentivos y desincentivos ambientales para facilitar la reconversion de procesos y act;1
incentivo;e2bb383_182;- El Ministerio estimulara a los empresarios a incorporar en su actividad productiva, procesos y tecnologias ambientalmente adecuadas, utilizando los programas de incentivos y desincentivos, y promoviendo la cooperacion nacional e internacional financiera;0
incentivo;e3b7f39_231;- Sera obligacion de la municipalidad el establecer los siguientes incentivos:;1
incentivo;e5e0011_84;- Todo productor agricola residente en la Jurisdiccion de este municipio debera asistir a las jornadas de educacion ambiental impartidas o coordinadas por la Unidad Ambiental, la cual debera llevar un registro de los temas que ha recibido cada productor a;0
incentivo;e97f743_12;"Promover y proponer incentivos para mejorar la agricultura organica; Fomentar la educacion en temas relacionados con la agricultura organica; y";1
incentivo;eb99685_144;- Los instrumentos en los que se fomentara la gestion y desarrollara conciencia ambiental son, la educacion, los planes de gestion, los incentivos y el registro ambiental;0
incentivo;f13fd1f_116;Para este efecto, el gobierno municipal gestionara ante el Ministerio de Agricultura y Ganaderia o al Ministerio de Medio Ambiente y Recursos Naturales, el otorgamiento de incentivos economicos y la asistencia tecnica necesaria para el desarrollo de programas encaminados al fomento de practicas o tratamientos conservacionistas;1
incentivo;f5d3dd3_62;Al respecto, la Municipalidad gestionara incentivos economicos y asistencia tecnica necesaria para el desarrollo y adecuado aprovechamiento, restauracion, desarrollo de los recursos naturales;1
insumo;05149e3_84;d) Situacion y condiciones fisica, social y economicas en el area rural (Cantones y Caserios)) Revision de insumos tecnicos existentes y analisis de criterios establecidos en diferentes mapas tematicos;0
insumo;05149e3_93;Es importante tomar en cuenta para el Ordenamiento Territorial los criterios establecidos y analisis de los insumos tecnicos creados y en proceso en cuanto a la informacion relacionada con la Gestion Ambiental, como (Mapas de Zonificacion de Amenazas del AMSS y del Municipio de Soyapango y otros insumos que aporten criterios a los POT SOYAPANGO;0
insumo;05149e3_105;Revision de insumos tecnicos existentes y analisis de criterios establecidos en diferentes mapas tematicos;0
insumo;05149e3_138;Este ultimo sera presentado cuando se requiera un estudio al detalle de la zona y asi lo determinen los criterios establecidos en Manuales de los Mapas existentes de amenaza por deslizamiento e inundacion del Municipio y otros insumos tecnicos que aporten en la implementacion de los planes dentro de la Gestion Ambiental;0
insumo;2418c2b_146;Industria Liviana: Actividades de transformacion y produccion de bienes, y que en ningun momento del proceso productivo use, manipulen o generen insumos, productos intermedios, subproductos, residuos, o productos finales de tipo toxico, corrosivo, explosivo, o emision de radiaciones ionicas, asimismo la generacion de ruidos y vibraciones que afecten a la poblacion circundante;0
insumo;4245aca_98;- La Municipalidad, a efectos de proteger los recursos naturales del municipio de los daños ocasionados por siembra, riego, quemas, aplicacion de agroquimicos e insumos agricolas en producciones agropecuarias dentro del municipio de Tecoluca, desarrollara;0
insumo;48bdadf_126;Con los insumos aportados desde los comites ambientales comunitarios elaborar el Plan Municipal para la Gestion Ambiental y su respectivo presupuesto, dichas propuestas tendran caracter vinculante;0
insumo;731dbf0_11;"El registro de los insumos con fines comerciales para uso agropecuario y control de su calidad;";1
insumo;731dbf0_12;"El registro y fiscalizacion de los establecimientos que produzcan, distribuyan, expendan, importen o exporten insumos para uso agropecuario;";1
insumo;731dbf0_14;"La formulacion y aplicacion de medidas sanitarias para el cultivo de vegetales y crianza de animales asi como para el comercio de los insumos para uso agropecuario;";0
insumo;731dbf0_30;- El MAG establecera los servicios y, en su caso, las tarifas necesarias relacionadas con los siguientes aspectos: El diagnostico y la vigilancia epidemiologica, la inspeccion de los vegetales y animales, el registro y control de calidad de insumos para u;0
insumo;731dbf0_81;- El Ministerio de Agricultura y Ganaderia, dictara las normas y establecera los procedimientos para el ingreso y transporte hacia y dentro del territorio nacional de vegetales y animales, sus productos y sub- productos y de equipos e insumos para uso agr;1
insumo;731dbf0_92;"Quien ingresare al territorio nacional animales, vegetales, sus productos y subproductos, asi como insumos de origen animal y vegetal o cualquier otro producto regulado por el Ministerio de Agricultura y Ganaderia, que no cuenten con el permiso respectivo de la Direccion General de Sanidad Vegetal y Animal; evadieren los puntos de inspeccion o no se pudiere establecer el origen de los mismos; se someteran a los analisis correspondientes en dicha Direccion";0
insumo;731dbf0_95;- El Ministerio registrara los insumos para uso agropecuario y fiscalizara la calidad y uso de los mismos, en funcion de lo cual tendra las siguientes atribuciones:;1
insumo;731dbf0_98;"c) Emitir directamente o en coordinacion con otras instituciones oficiales, prohibiciones o restricciones a la importacion, produccion, venta y aplicacion de los insumos para uso agropecuario que resulten de alto riesgo para la sanidad vegetal, la sanidad animal, el medio ambiente y la salud humana;";0
insumo;731dbf0_102;Los insumos para uso agropecuario que sean analizados por control de calidad en el marco de la funcion de fiscalizacion y presenten resultados fuera de especificaciones, seran destruidos por cuenta del propietario de dichos insumos, bajo la supervision del Ministerio, a mas tardar quince dias habiles despues de emitidos los resultados del laboratorio del  (;0
insumo;731dbf0_126;"Incumplir los requisitos fitosanitarios y zoosanitarios señalados por el MAG para la importacion o exportacion de vegetales y animales, sus productos y subproductos e insumos agropecuarios; en cuyo caso se impondra una multa de cien a diez mil salarios; (";0
insumo;731dbf0_127;"Alterar o adulterar insumos para uso agropecuario y envases o etiquetas autorizadas por el MAG para el expendio de los mismos; en cuyo caso se impondra una multa de cien a veinte mil salarios;";0
insumo;731dbf0_131;"i) Usar insumos agropecuarios sin atender las indicaciones de uso recomendadas en la etiqueta, causando como consecuencia daños y perjuicios a terceros, contaminaciones ambientales e intoxicaciones humanas o que con dicha actividad se afecte a la fauna y flora benefica; en cuyo caso se impondra una multa de veinte a cincuenta mil salarios;";0
insumo;731dbf0_132;"j) Reenvasar insumos para uso agropecuario sin autorizacion expresa del Ministerio; en cuyo caso se impondra una multa de cien a diez mil salarios; (";0
insumo;7c8d2c5_54;La Municipalidad fortalecera a su UAM con recurso humano y financieros, capacitacion y le proveera insumos materiales, equipos y herramientas necesarios para que la UAM cumpla con sus objetivos de trabajo y la aplicacion de la presente ordenanza;0
insumo;881adeb_55;La Municipalidad fortalecera a su UAM con recurso humano y financieros, capacitacion y le proveera insumos materiales, equipos y herramientas necesarios para que la UAM cumpla con sus objetivos de trabajo y la aplicacion de la presente Ordenanza;0
insumo;88ad2ff_197;En estas zonas no se permiten con caracter general, las instalaciones industriales pesadas sumamente contaminantes, destinadas a los grandes ciclos productivos de transformacion de las materias primas, que requieran grandes insumos de territorio, y que signifiquen un peligro para los usos colindantes y la poblacion asentada;0
insumo;88ad2ff_271;"Se propiciara la continuacion del cultivo y aprovechamiento actual procurando que las explotaciones diversifiquen su aprovechamiento y el uso de insumos organicos; y procurando otros usos compatibles, en aras de mejorar la economia de las explotaciones agrarias";0
insumo;a722ac1_199;Industria Liviana: Actividades de transformacion y produccion de bienes, y que en ningun momento del proceso productivo use, manipulen o generen insumos, productos intermedios, subproductos, residuos, o productos finales de tipo toxico, corrosivo, explosivo, o emision de radiaciones ¡ionicas, asi mismo la generacion de ruidos y vibraciones que afecten a la poblacion circundante;0
insumo;b8922be_54;La Municipalidad fortalecera a su UAM con recurso humano y financieros, capacitacion y le proveera insumos materiales, equipos y herramientas necesarios para que la UAM cumpla con sus objetivos de trabajo y la aplicacion de la presente ordenanza;0
insumo;b8dd82f_18;"b) Organizar, coordinar y supervisar la Asistencia Tecnica que se debera proporcionar a los agricultores y ganaderos; la cual debera ser en cuanto a tipos de insumos a usar, uso de distanciamientos adecuados, tipos de semillas, explicacion de tramites para la obtencion de Creditos y demas actividades pertinentes;";0
insumo;dd6b5ad_55;La Municipalidad fortalecera a su UAM con recurso humano y financieros, capacitacion y le proveera insumos materiales, equipos y herramientas necesarios para que la UAM cumpla con sus objetivos de trabajo y la aplicacion de la presente ordenanza;0
insumo;ff41a50_84;Gestionar donaciones de insumos y equipos para su uso, en el cultivo e industrializacion de la caña de azucar;0
multa;029d411_78;Al quedar firme la ejecucion, el infractor hara efectiva la multa en la Tesoreria Municipal, en el plazo de tres dias posteriores a su requerimiento La multa podra conmutarse por arresto del infractor, el cual no podra exceder de cinco dias;0
multa;029d411_88;a) FALTAS LEVES: Se sancionaran con una multa equivalente al salario minimo urbano de cinco dias, mas la reparacion del daño causado al medio ambiente;1
multa;029d411_89;b) LAS FALTAS GRAVES: Seran sancionadas con una multa minima de cinco dias del salario basico urbano y maximo de cincuenta salarios basicos diarios urbano, mas la reparacion del daño al medio ambiente;1
multa;029d411_90;c) LAS FALTAS MUY GRAVES: Seran sancionadas con multas que oscilara entre cincuenta y cien salarios basicos urbanos diarios, mas la reparacion del daño causado al medio ambiente;1
multa;029d411_91;Las multas mencionadas en los literales a, b y c se impondran segun lo estipulado en el articulo 89 de la Ley del Medio Ambiente;0
multa;029d411_92;La imposicion de las multas enunciadas no exime al infractor de la responsabilidad penal a que hubiere lugar;0
multa;029d411_118;La violacion de los articulos anteriores, sera motivo de infraccion que sera sancionada con una multa a criterio de la municipalidad, considerando lo establecido en los articulos 11 y 12 de esta ordenanza;0
multa;029d411_147;"En caso de no cumplirse con esta obligacion, la Alcaldia debera prevenir al dueño del inmueble para que este, en un termino de cuarenta y ocho horas, cumpla con lo establecido en este articulo; en caso contrario, la Municipalidad procedera a efectuar la limpieza cargando el costo de la misma a la cuenta que por el inmueble se registre, mas la multa correspondiente";0
multa;03a83f8_64;Las infracciones graves seran sancionadas con multas desde cincuenta hasta quinientos dolares;1
multa;03a83f8_67;Las infracciones muy graves seran sancionadas con multas de quinientos uno hasta un maximo de 8 salarios minimos para el comercio;1
multa;03a83f8_71;El plazo para el pago de la multa sera de tres dias calendario, contados a partir del dia siguiente de la notificacion de la resolucion;0
multa;03a83f8_72;Transcurrido el plazo sin haberse pagado la multa, se aplicaran incrementos sobre el valor de la misma hasta su cancelacion, segun lo dispuesto en el Art9, sin exceder el monto maxime;0
multa;03a83f8_74;- En caso que el infractor no tuviere dinero para pagar la multa, esta se permutara por servicios a la comunidad o a la municipalidad para resarcir los daños ocasionados de acuerdo al equivalente a los salarios minimos diarios urbanos vigente;0
multa;03a83f8_75;En caso de incumplimiento del pago de la multa, se hara la certificacion de la sancion impuesta y se resolvera por la via judicial, interponiendo la demanda en el juzgado competente en la jurisdiccion;0
multa;03a83f8_83;- En caso de reincidencia en el cometido de un ilicito en contra de la presente ordenanza, la multa sera incrementada en un 50% a la sancion impuesta anteriormente, sin exceder el monto maximo de las multas;0
multa;04731ac_83;Si dicha audiencia no se llevara a cabo por incomparecencia del causante del ruido, o llegandose a un acuerdo, este lo incumpliere, se le impondra la multa que corresponda;0
multa;04731ac_87;condiciones establecidas en el referido permiso, sera sancionado con multa de ciento catorce dolares con veintiocho centavos a Mil ciento cuarenta y dos dolares con ochenta y cinco centavos;1
multa;04731ac_89;Salvo sancion especificamente señalada, el incumplimiento de las obligaciones y prohibiciones establecidas en la presente ordenanza, sera sancionado con multa de: CIENTO CATORCE DOLARES CON VEINTIOCHO CENTAVOS DE DOLAR a QUINIENTOS SETENTA Y UN DOLARES CON CUARENTA Y DOS CENTAVOS DE DOLAR, de conformidad a la gravedad de la infraccion y a la capacidad economica del infractor;1
multa;04731ac_91;En caso de reincidencia, la multa se fijara en una tercera parte mas del maximo estipulado;0
multa;04731ac_92;Si la infraccion fuere por tercera vez, ademas de la multa antes señalada, se procedera al secuestro del aparato, maquinaria o vehiculo generador del ruido;0
;;;
;;;
;;;
;;;
;;;
;;;
;;;
;;;
;;;
;;;
;;;
;;;
;;;
;;;
;;;
;;;
;;;
;;;
;;;
;;;
;;;
;;;
;;;
;;;
;;;
;;;
;;;
;;;
;;;
;;;
;;;
;;;
;;;
;;;
;;;
;;;
;;;
;;;
;;;
;;;
;;;
;;;
;;;
;;;
;;;
;;;
;;;
;;;
;;;
;;;
;;;
;;;
;;;
;;;
;;;
;;;
;;;
;;;
;;;
;;;
;;;
;;;
;;;
;;;
;;;
;;;
;;;
;;;
;;;
;;;
;;;
;;;
;;;
;;;
;;;
;;;
;;;
;;;
;;;
;;;
;;;
;;;
;;;
;;;
;;;
;;;
;;;
;;;
;;;
;;;
;;;
;;;
;;;
;;;
;;;
;;;
;;;
;;;
;;;
;;;
;;;
;;;
;;;
;;;
;;;
;;;
;;;
;;;
;;;
;;;
;;;
;;;
;;;
;;;
;;;
;;;
;;;
;;;
;;;
;;;
;;;
;;;
;;;
;;;
;;;
;;;
;;;
;;;
;;;
;;;
;;;
;;;
;;;
;;;
;;;
;;;
;;;
;;;
;;;
;;;
;;;
;;;
;;;
;;;
;;;
;;;
;;;
;;;
;;;
;;;
;;;
;;;
;;;
;;;
;;;
;;;
;;;
;;;
;;;
;;;
;;;
;;;
;;;
;;;
;;;
;;;
;;;
;;;
;;;
;;;
;;;
;;;
;;;
;;;
;;;
;;;
;;;
;;;
;;;
;;;
;;;
;;;
;;;
;;;
;;;
;;;
;;;
;;;
;;;
;;;
;;;
;;;
;;;
;;;
;;;
;;;
;;;
;;;
;;;
;;;
;;;
;;;
;;;
;;;
;;;
;;;
;;;
;;;
;;;
;;;
;;;
;;;
;;;
;;;
;;;
;;;
;;;
;;;
;;;
;;;
;;;
;;;
;;;
;;;
;;;
;;;
;;;
;;;
;;;
;;;
;;;
;;;
;;;
;;;
;;;
;;;
;;;
;;;
;;;
;;;
;;;
;;;
;;;
;;;
;;;
;;;
;;;
;;;
;;;
;;;
;;;
;;;
;;;
;;;
;;;
;;;
;;;
;;;
;;;
;;;
;;;
;;;
;;;
;;;
;;;
;;;
;;;
;;;
;;;
;;;
;;;
;;;
;;;
;;;
;;;
;;;
;;;
;;;
;;;
;;;
;;;
;;;
;;;
;;;
;;;
;;;
;;;
;;;
;;;
;;;
;;;
;;;
;;;
;;;
;;;
;;;
;;;
;;;
;;;
;;;
;;;
;;;
;;;
;;;
;;;
;;;
;;;
;;;
;;;
;;;
;;;
;;;
;;;
;;;
;;;
;;;
;;;
;;;
;;;
;;;
;;;
;;;
;;;
;;;
;;;
;;;
;;;
;;;
;;;
;;;
;;;
;;;
;;;
;;;
;;;
;;;
;;;
;;;
;;;
;;;
;;;
;;;
;;;
;;;
;;;
;;;
;;;
;;;
;;;
;;;
;;;
;;;
;;;
;;;
;;;
;;;
;;;
;;;
;;;
;;;
;;;
;;;
;;;
;;;
;;;
;;;
;;;
;;;
;;;
;;;
;;;
;;;
;;;
;;;
;;;
;;;
;;;
;;;
;;;
;;;
;;;
;;;
;;;
;;;
;;;
;;;
;;;
;;;
;;;
;;;
;;;
;;;
;;;
;;;
;;;
;;;
;;;
;;;
;;;
;;;
;;;
;;;
;;;
;;;
;;;
;;;
;;;
;;;
;;;
;;;
;;;
;;;
;;;
;;;
;;;
;;;
;;;
;;;
;;;
;;;
;;;
;;;
;;;
;;;
;;;
;;;
;;;
;;;
;;;
;;;
;;;
;;;
;;;
;;;
;;;
;;;
;;;
;;;
;;;
;;;
;;;
;;;
;;;
;;;
;;;
;;;
;;;
;;;
;;;
;;;
;;;
;;;
;;;
;;;
;;;
;;;
;;;
;;;
;;;
;;;
;;;
;;;
;;;
;;;
;;;
;;;
;;;
;;;
;;;
;;;
;;;
;;;
;;;
;;;
;;;
;;;
;;;
;;;
;;;
;;;
;;;
;;;
;;;
;;;
;;;
;;;
;;;
;;;
;;;
;;;
;;;
;;;
;;;
;;;
;;;
;;;
;;;
;;;
;;;
;;;
;;;
;;;
;;;
;;;
;;;
;;;
;;;
;;;
;;;
;;;
;;;
;;;
;;;
;;;
;;;
;;;
;;;
;;;
;;;
;;;
;;;
;;;
;;;
;;;
;;;
;;;
;;;
;;;
;;;
;;;
;;;
;;;
;;;
;;;
;;;
;;;
;;;
;;;
;;;
;;;
;;;
;;;
;;;
;;;
;;;
;;;
;;;
;;;
;;;
;;;
;;;
;;;
;;;
;;;
;;;
;;;
;;;
;;;
;;;
;;;
;;;
;;;
;;;
;;;
;;;
;;;
;;;
;;;
;;;
;;;
;;;
;;;
;;;
;;;
;;;
;;;
;;;
;;;
;;;
;;;
;;;
;;;
;;;
;;;
;;;
;;;
;;;
;;;
;;;
;;;
;;;
;;;
;;;
;;;
;;;
;;;
;;;
;;;
;;;
;;;
;;;
;;;
;;;
;;;
;;;
;;;
;;;
;;;
;;;
;;;
;;;
;;;
;;;
;;;
;;;
;;;
;;;
;;;
;;;
;;;
;;;
;;;
;;;
;;;
;;;
;;;
;;;
;;;
;;;
;;;
;;;
;;;
;;;
;;;
;;;
;;;
;;;
;;;
;;;
;;;
;;;
;;;
;;;
;;;
;;;
;;;
;;;
;;;
;;;
;;;
;;;
;;;
;;;
;;;
;;;
;;;
;;;
;;;
;;;
;;;
;;;
;;;
;;;
;;;
;;;
;;;
;;;
;;;
;;;
;;;
;;;
;;;
;;;
;;;
;;;
;;;
;;;
;;;
;;;
;;;
;;;
;;;
;;;
;;;
;;;
;;;
;;;
;;;
;;;
;;;
;;;
;;;
;;;
;;;
;;;
;;;
;;;
;;;
;;;
;;;
;;;
;;;
;;;
;;;
;;;
;;;
;;;
;;;
;;;
;;;
;;;
;;;
;;;
;;;
;;;
;;;
;;;
;;;
;;;
;;;
;;;
;;;
;;;
;;;
;;;
;;;
;;;
;;;
;;;
;;;
;;;
;;;
;;;
;;;
;;;
;;;
;;;
;;;
;;;
;;;
;;;
;;;
;;;
;;;
;;;
;;;
;;;
;;;
;;;
;;;
;;;
;;;
;;;
;;;
;;;
;;;
;;;
;;;
;;;
;;;
;;;
;;;
;;;
;;;
;;;
;;;
;;;
;;;
;;;
;;;
;;;
;;;
;;;
;;;
;;;
;;;
;;;
;;;
;;;
;;;
;;;
;;;
;;;
;;;
;;;
;;;
;;;
;;;
;;;
;;;
;;;
;;;
;;;
;;;
;;;
;;;
;;;
;;;
;;;
;;;
;;;
;;;
;;;
;;;
;;;
;;;
;;;
;;;
;;;
;;;
;;;
;;;
;;;
;;;
;;;
;;;
;;;
;;;
;;;
;;;
;;;
;;;
;;;
;;;
;;;
;;;
;;;
;;;
;;;
;;;
;;;
;;;
;;;
;;;
;;;
;;;
;;;
;;;
;;;
;;;
;;;
;;;
;;;
;;;
;;;
;;;
;;;
;;;
;;;
;;;
;;;
;;;
;;;
;;;
;;;
;;;
;;;
;;;
;;;
;;;
;;;
;;;
;;;
;;;
;;;
;;;
;;;
;;;
;;;
;;;
;;;
;;;
;;;
;;;
;;;
;;;
;;;
;;;
;;;
;;;
;;;
;;;
;;;
;;;
;;;
;;;
;;;
;;;
;;;
;;;
;;;
;;;
;;;
;;;
;;;
;;;
;;;
;;;
;;;
;;;
;;;
;;;
;;;
;;;
;;;
;;;
;;;
;;;
;;;
;;;
;;;
;;;
;;;
;;;
;;;
;;;
;;;
;;;
;;;
;;;
;;;
;;;
;;;
;;;
;;;
;;;
;;;
;;;
;;;
;;;
;;;
;;;
;;;
;;;
;;;
;;;
;;;
;;;
;;;
;;;
;;;
;;;
;;;
;;;
;;;
;;;
;;;
;;;
;;;
;;;
;;;
;;;
;;;
;;;
;;;
;;;
;;;
;;;
;;;
;;;
;;;
;;;
;;;
;;;
;;;
;;;
;;;
;;;
;;;
;;;
;;;
;;;
;;;
;;;
;;;
;;;
;;;
;;;
;;;
;;;
;;;
;;;
;;;
;;;
;;;
;;;
;;;
;;;
;;;
;;;
;;;
;;;
;;;
;;;
;;;
;;;
;;;
;;;
;;;
;;;
;;;
;;;
;;;
;;;
;;;
;;;
;;;
;;;
;;;
;;;
;;;
;;;
;;;
;;;
;;;
;;;
;;;
;;;
;;;
;;;
;;;
;;;
;;;
;;;
;;;
;;;
;;;
;;;
;;;
;;;
;;;
;;;
;;;
;;;
;;;
;;;
;;;
;;;
;;;
;;;
;;;
;;;
;;;
;;;
;;;
;;;
;;;
;;;
;;;
;;;
;;;
;;;
;;;
;;;
;;;
;;;
;;;
;;;
;;;
;;;
;;;
;;;
;;;
;;;
;;;
;;;
;;;
;;;
;;;
;;;
;;;
;;;
;;;
;;;
;;;
;;;
;;;
;;;
;;;
;;;
;;;
;;;
;;;
;;;
;;;
;;;
;;;
;;;
;;;
;;;
;;;
;;;
;;;
;;;
;;;
;;;
;;;
;;;
;;;
;;;
;;;
;;;
;;;
;;;
;;;
;;;
;;;
;;;
;;;
;;;
;;;
;;;
;;;
;;;
;;;
;;;
;;;
;;;
;;;
;;;
;;;
;;;
;;;
;;;
;;;
;;;
;;;
;;;
;;;
;;;
;;;
;;;
;;;
;;;
;;;
;;;
;;;
;;;
;;;
;;;
;;;
;;;
;;;
;;;
;;;
;;;
;;;
;;;
;;;
;;;
;;;
;;;
;;;
;;;
;;;
;;;
;;;
;;;
;;;
;;;
;;;
;;;
;;;
;;;
;;;
;;;
;;;
;;;
;;;
;;;
;;;
;;;
;;;
;;;
;;;
;;;
;;;
;;;
;;;
;;;
;;;
;;;
;;;
;;;
;;;
;;;
;;;
;;;
;;;
;;;
;;;
;;;
;;;
;;;
;;;
;;;
;;;
;;;
;;;
;;;
;;;
;;;
;;;
;;;
;;;
;;;
;;;
;;;
;;;
;;;
;;;
;;;
;;;
;;;
;;;
;;;
;;;
;;;
;;;
;;;
;;;
;;;
;;;
;;;
;;;
;;;
;;;
;;;
;;;
;;;
;;;
;;;
;;;
;;;
;;;
;;;
;;;
;;;
;;;
;;;
;;;
;;;
;;;
;;;
;;;
;;;
;;;
;;;
;;;
;;;
;;;
;;;
;;;
;;;
;;;
;;;
;;;
;;;
;;;
;;;
;;;
;;;
;;;
;;;
;;;
;;;
;;;
;;;
;;;
;;;
;;;
;;;
;;;
;;;
;;;
;;;
;;;
;;;
;;;
;;;
;;;
;;;
;;;
;;;
;;;
;;;
;;;
;;;
;;;
;;;
;;;
;;;
;;;
;;;
;;;
;;;
;;;
;;;
;;;
;;;
;;;
;;;
;;;
;;;
;;;
;;;
;;;
;;;
;;;
;;;
;;;
;;;
;;;
;;;
;;;
;;;
;;;
;;;
;;;
;;;
;;;
;;;
;;;
;;;
;;;
;;;
