"Oregon Health Authority, Health Systems Division: Medical Assistance Programs",USA,The Oregon Bulletin,7c1e6df55bacfb86499254e63807b80b13182c15,https://secure.sos.state.or.us/oard/viewRedlinePDF.action?filingRsn=46133,,11/02/2020,,Oregon,,Medicaid Eligibility Rules Updated For Clarity And Alignment With DHS Functionality And Integrated Eligibility System,https://secure.sos.state.or.us/oard/displayBulletin.action;JSESSIONID_OARD=L1i1pEyzLKLQ-zc8tlQliA2Spk-iaADY66J8ujVopAG0xoIXvd13!-1212097070?bulltnRsn=609
"Department of Human Services, Aging and People with Disabilities and Developmental Disabilities",USA,The Oregon Bulletin,add7eea95b6d4e47e807ada5bddde75361f77957,https://secure.sos.state.or.us/oard/viewRedlinePDF.action?filingRsn=46147,,11/05/2020,,Oregon,,"Establish COVID-19 testing requirements for nursing facilities, assisted living facilities and residential care facilities",https://secure.sos.state.or.us/oard/displayBulletin.action;JSESSIONID_OARD=L1i1pEyzLKLQ-zc8tlQliA2Spk-iaADY66J8ujVopAG0xoIXvd13!-1212097070?bulltnRsn=609
Department of Fish and Wildlife,USA,The Oregon Bulletin,3284698e732e6f42ed6d4e86f88a641be6774998,https://secure.sos.state.or.us/oard/viewRedlinePDF.action?filingRsn=46144,,11/06/2020,,Oregon,,Establish Average Market Values of Food for Determining Damages Related to Commercial Fishing Violations,https://secure.sos.state.or.us/oard/displayBulletin.action;JSESSIONID_OARD=L1i1pEyzLKLQ-zc8tlQliA2Spk-iaADY66J8ujVopAG0xoIXvd13!-1212097070?bulltnRsn=609
Department of Fish and Wildlife,USA,The Oregon Bulletin,02565135b410f311d7018d6282c475c7a18e903d,https://secure.sos.state.or.us/oard/viewRedlinePDF.action?filingRsn=46158,,11/06/2020,,Oregon,,2021 Development of a Non-Native Game Fish Policy,https://secure.sos.state.or.us/oard/displayBulletin.action;JSESSIONID_OARD=L1i1pEyzLKLQ-zc8tlQliA2Spk-iaADY66J8ujVopAG0xoIXvd13!-1212097070?bulltnRsn=609
Board of Optometry,USA,The Oregon Bulletin,28572226b7a82e7680b9c085ae7e0765a494d577,https://secure.sos.state.or.us/oard/viewRedlinePDF.action?filingRsn=46162,,11/10/2020,,Oregon,,Adds requirements for submitting a clinical observation site for CE approva.,https://secure.sos.state.or.us/oard/displayBulletin.action;JSESSIONID_OARD=L1i1pEyzLKLQ-zc8tlQliA2Spk-iaADY66J8ujVopAG0xoIXvd13!-1212097070?bulltnRsn=609
Board of Optometry,USA,The Oregon Bulletin,d4be6dc3087f03311dd623e791a15e812fff20a9,https://secure.sos.state.or.us/oard/viewRedlinePDF.action?filingRsn=46165,,11/10/2020,,Oregon,,Updates Board rules to reflect federal contact lens prescription changes,https://secure.sos.state.or.us/oard/displayBulletin.action;JSESSIONID_OARD=L1i1pEyzLKLQ-zc8tlQliA2Spk-iaADY66J8ujVopAG0xoIXvd13!-1212097070?bulltnRsn=609
Occupational Therapy Licensing Board,USA,The Oregon Bulletin,f7e60ec9fe60f0a0cb9b399eada0821da45e6542,https://secure.sos.state.or.us/oard/viewRedlinePDF.action?filingRsn=46170,,11/12/2020,,Oregon,,Amends rule 339-010-0035 Supervision of an Occupational Therapy Assistant,https://secure.sos.state.or.us/oard/displayBulletin.action;JSESSIONID_OARD=L1i1pEyzLKLQ-zc8tlQliA2Spk-iaADY66J8ujVopAG0xoIXvd13!-1212097070?bulltnRsn=609
Occupational Therapy Licensing Board,USA,The Oregon Bulletin,841badc80ee9bfdb5ffb67bcd8bd815f11e57978,https://secure.sos.state.or.us/oard/viewRedlinePDF.action?filingRsn=46171,,11/12/2020,,Oregon,,Amends the rule 339-010-0040 Limited Permit,https://secure.sos.state.or.us/oard/displayBulletin.action;JSESSIONID_OARD=L1i1pEyzLKLQ-zc8tlQliA2Spk-iaADY66J8ujVopAG0xoIXvd13!-1212097070?bulltnRsn=609
Occupational Therapy Licensing Board,USA,The Oregon Bulletin,9c8bd1c3051d0226ea98d350d43dcd682af6edf5,https://secure.sos.state.or.us/oard/viewRedlinePDF.action?filingRsn=46172,,11/12/2020,,Oregon,,Amends rule 339-010-0023 License Renewals,https://secure.sos.state.or.us/oard/displayBulletin.action;JSESSIONID_OARD=L1i1pEyzLKLQ-zc8tlQliA2Spk-iaADY66J8ujVopAG0xoIXvd13!-1212097070?bulltnRsn=609
Occupational Therapy Licensing Board,USA,The Oregon Bulletin,fed3d4fef556dca402aa90573467edfc2dec8888,https://secure.sos.state.or.us/oard/viewRedlinePDF.action?filingRsn=46175,,11/12/2020,,Oregon,,Amends rule 339-020-0025 CE in Cultural Competency,https://secure.sos.state.or.us/oard/displayBulletin.action;JSESSIONID_OARD=L1i1pEyzLKLQ-zc8tlQliA2Spk-iaADY66J8ujVopAG0xoIXvd13!-1212097070?bulltnRsn=609
Department of Corrections,USA,The Oregon Bulletin,64dea9d97e27d9f030e05346bf4bed506d85df2a,https://secure.sos.state.or.us/oard/viewRedlinePDF.action?filingRsn=46142,,11/13/2020,,Oregon,,Grievance Review System (AIC),https://secure.sos.state.or.us/oard/displayBulletin.action;JSESSIONID_OARD=L1i1pEyzLKLQ-zc8tlQliA2Spk-iaADY66J8ujVopAG0xoIXvd13!-1212097070?bulltnRsn=609
"Department of Consumer and Business Services, Building Codes Division",USA,The Oregon Bulletin,dabaee0f3f26f9d8a1dee12ccbdb8353f84d372c,https://secure.sos.state.or.us/oard/viewRedlinePDF.action?filingRsn=46182,,11/13/2020,,Oregon,,"Flexibility after COVID-19 and the 2020 Wildfires, and in Anticipation of Future Emergencies",https://secure.sos.state.or.us/oard/displayBulletin.action;JSESSIONID_OARD=L1i1pEyzLKLQ-zc8tlQliA2Spk-iaADY66J8ujVopAG0xoIXvd13!-1212097070?bulltnRsn=609
"Oregon Health Authority, Public Health Division",USA,The Oregon Bulletin,f1fe120289d04db49ea8bfcc66133b3443c84be7,https://secure.sos.state.or.us/oard/viewRedlinePDF.action?filingRsn=46183,,11/16/2020,,Oregon,,Policy Development and Implementation on Designation of Support Persons with Disabilities,https://secure.sos.state.or.us/oard/displayBulletin.action;JSESSIONID_OARD=L1i1pEyzLKLQ-zc8tlQliA2Spk-iaADY66J8ujVopAG0xoIXvd13!-1212097070?bulltnRsn=609
"Oregon Health Authority, Public Health Division",USA,The Oregon Bulletin,883748a6b9ad723345f66f6b3ed7a01b18507be4,https://secure.sos.state.or.us/oard/viewRedlinePDF.action?filingRsn=46184,,11/16/2020,,Oregon,,Conducting Electronic Trauma Hospital Surveys,https://secure.sos.state.or.us/oard/displayBulletin.action;JSESSIONID_OARD=L1i1pEyzLKLQ-zc8tlQliA2Spk-iaADY66J8ujVopAG0xoIXvd13!-1212097070?bulltnRsn=609
"Oregon Health Authority, Public Health Division",USA,The Oregon Bulletin,ddcb11ac93c58cef08bb2ce6510eab4bc41180c3,https://secure.sos.state.or.us/oard/viewRedlinePDF.action?filingRsn=46185,,11/16/2020,,Oregon,,Continuing Education Requirements for EMS Providers,https://secure.sos.state.or.us/oard/displayBulletin.action;JSESSIONID_OARD=L1i1pEyzLKLQ-zc8tlQliA2Spk-iaADY66J8ujVopAG0xoIXvd13!-1212097070?bulltnRsn=609
"Department of Human Services, Aging and People with Disabilities and Developmental Disabilities",USA,The Oregon Bulletin,93021a5a4ba2247c8701dd485a8e7a335dbbb19c,https://secure.sos.state.or.us/oard/viewRedlinePDF.action?filingRsn=46207,,11/17/2020,,Oregon,,Clarify involuntary move-out notice process in residential care and assisted living facilities,https://secure.sos.state.or.us/oard/displayBulletin.action;JSESSIONID_OARD=L1i1pEyzLKLQ-zc8tlQliA2Spk-iaADY66J8ujVopAG0xoIXvd13!-1212097070?bulltnRsn=609
Department of Agriculture,USA,The Oregon Bulletin,9946ca065c8e193854c82155cc7eedf517ba9303,https://secure.sos.state.or.us/oard/viewRedlinePDF.action?filingRsn=46206,,11/18/2020,,Oregon,,"Invasive Species Council: Voting process, responsibilities and duties for Chair and Co-Chair",https://secure.sos.state.or.us/oard/displayBulletin.action;JSESSIONID_OARD=L1i1pEyzLKLQ-zc8tlQliA2Spk-iaADY66J8ujVopAG0xoIXvd13!-1212097070?bulltnRsn=609
Oregon Business Development Department,USA,The Oregon Bulletin,a0f3c93a3f82111d857f5c7109ec3924cca3a0dd,https://secure.sos.state.or.us/oard/viewRedlinePDF.action?filingRsn=46215,,11/18/2020,,Oregon,,This rule relates to minimum hiring for Long Term Rural Enterprise Zone Incentives.,https://secure.sos.state.or.us/oard/displayBulletin.action;JSESSIONID_OARD=L1i1pEyzLKLQ-zc8tlQliA2Spk-iaADY66J8ujVopAG0xoIXvd13!-1212097070?bulltnRsn=609
"Department of Transportation, Motor Carrier Transportation Division",USA,The Oregon Bulletin,53fce2a38f026087709a6aa8a04557d7dfdb83cd,https://secure.sos.state.or.us/oard/viewRedlinePDF.action?filingRsn=46217,,11/18/2020,,Oregon,,"2021 Annual Adoption IRP, HVUT, IFTA rules",https://secure.sos.state.or.us/oard/displayBulletin.action;JSESSIONID_OARD=L1i1pEyzLKLQ-zc8tlQliA2Spk-iaADY66J8ujVopAG0xoIXvd13!-1212097070?bulltnRsn=609
Landscape Architect Board,USA,The Oregon Bulletin,00cd5b5676cbf9fd24b3e53e63552b5de5e1ab62,https://secure.sos.state.or.us/oard/viewRedlinePDF.action?filingRsn=46216,,11/18/2020,,Oregon,,Streamlining and Housekeeping Amendments to OSLAB (Board) Examination-Related Rules,https://secure.sos.state.or.us/oard/displayBulletin.action;JSESSIONID_OARD=L1i1pEyzLKLQ-zc8tlQliA2Spk-iaADY66J8ujVopAG0xoIXvd13!-1212097070?bulltnRsn=609
"Department of Consumer and Business Services, Workers' Compensation Division",USA,The Oregon Bulletin,b565ed67a7ac6e5e308ba37cb64a0f87203868b4,https://secure.sos.state.or.us/oard/viewRedlinePDF.action?filingRsn=46218,,11/18/2020,,Oregon,,Processing workers’ compensation claims for COVID-19 or SARS-CoV-2 exposure,https://secure.sos.state.or.us/oard/displayBulletin.action;JSESSIONID_OARD=L1i1pEyzLKLQ-zc8tlQliA2Spk-iaADY66J8ujVopAG0xoIXvd13!-1212097070?bulltnRsn=609
"Department of Human Services, Aging and People with Disabilities and Developmental Disabilities",USA,The Oregon Bulletin,a14a4e649a975d68f5b03b9f2e39c7b5518f9c17,https://secure.sos.state.or.us/oard/viewRedlinePDF.action?filingRsn=46220,,11/18/2020,,Oregon,,Clarify involuntary move-out notice process in residential care and assisted living facilities,https://secure.sos.state.or.us/oard/displayBulletin.action;JSESSIONID_OARD=L1i1pEyzLKLQ-zc8tlQliA2Spk-iaADY66J8ujVopAG0xoIXvd13!-1212097070?bulltnRsn=609
Parks and Recreation Department,USA,The Oregon Bulletin,771ad03bc3c4aa2032f1cb25b9c640056e0e5b8c,https://secure.sos.state.or.us/oard/viewRedlinePDF.action?filingRsn=46230,,11/19/2020,,Oregon,,Reservation rule flexibility,https://secure.sos.state.or.us/oard/displayBulletin.action;JSESSIONID_OARD=L1i1pEyzLKLQ-zc8tlQliA2Spk-iaADY66J8ujVopAG0xoIXvd13!-1212097070?bulltnRsn=609
"Mental Health Regulatory Agency, Oregon Board of Psychology",USA,The Oregon Bulletin,332cba5459bdc63aabe5b7c83379e3db02087cb6,https://secure.sos.state.or.us/oard/viewRedlinePDF.action?filingRsn=46234,,11/20/2020,,Oregon,,Online Oregon Jurisprudence Exam,https://secure.sos.state.or.us/oard/displayBulletin.action;JSESSIONID_OARD=L1i1pEyzLKLQ-zc8tlQliA2Spk-iaADY66J8ujVopAG0xoIXvd13!-1212097070?bulltnRsn=609
Board of Massage Therapists,USA,The Oregon Bulletin,a3901c3a9e8f60cdb63281fbd85dd16c42984ba6,https://secure.sos.state.or.us/oard/viewRedlinePDF.action?filingRsn=46214,,11/20/2020,,Oregon,,Establish rules to align the board with statutory requirements and clarify existing board rules.,https://secure.sos.state.or.us/oard/displayBulletin.action;JSESSIONID_OARD=L1i1pEyzLKLQ-zc8tlQliA2Spk-iaADY66J8ujVopAG0xoIXvd13!-1212097070?bulltnRsn=609
Oregon State Marine Board,USA,The Oregon Bulletin,5a47489bfdd744d8130a058ff33ecfb3a1520726,https://secure.sos.state.or.us/oard/viewRedlinePDF.action?filingRsn=46240,,11/20/2020,,Oregon,,Creates additional boating regulations on the Willamette River from downtown Portland upriver to Willamette Falls,https://secure.sos.state.or.us/oard/displayBulletin.action;JSESSIONID_OARD=L1i1pEyzLKLQ-zc8tlQliA2Spk-iaADY66J8ujVopAG0xoIXvd13!-1212097070?bulltnRsn=609
Board of Examiners for Engineering and Land Surveying,USA,The Oregon Bulletin,a2ae2aeede6a1665eea44dd29d7df5f5cdd49af9,https://secure.sos.state.or.us/oard/viewRedlinePDF.action?filingRsn=46239,,11/20/2020,,Oregon,,"To amend rules related to professional licensure as an engineer, land surveyor, or photogrammetrist.",https://secure.sos.state.or.us/oard/displayBulletin.action;JSESSIONID_OARD=L1i1pEyzLKLQ-zc8tlQliA2Spk-iaADY66J8ujVopAG0xoIXvd13!-1212097070?bulltnRsn=609
Oregon Youth Authority,USA,The Oregon Bulletin,37193a3f8f950f6c038b4f784330b25b0620709d,https://secure.sos.state.or.us/oard/viewRedlinePDF.action?filingRsn=46243,,11/20/2020,,Oregon,,"OYA is adopting the April 2020 ICJ rules by reference, and adding definition.",https://secure.sos.state.or.us/oard/displayBulletin.action;JSESSIONID_OARD=L1i1pEyzLKLQ-zc8tlQliA2Spk-iaADY66J8ujVopAG0xoIXvd13!-1212097070?bulltnRsn=609
"Department of State Police, Office of State Fire Marshal",USA,The Oregon Bulletin,65b73379b6a74d60ccbd399876be20dfddb01253,https://secure.sos.state.or.us/oard/viewRedlinePDF.action?filingRsn=46263,,11/23/2020,,Oregon,,Allows refunds of fireworks fees due to cancellations during COVID-19 pandemic restrictions,https://secure.sos.state.or.us/oard/displayBulletin.action;JSESSIONID_OARD=L1i1pEyzLKLQ-zc8tlQliA2Spk-iaADY66J8ujVopAG0xoIXvd13!-1212097070?bulltnRsn=609
"Department of State Police, Office of State Fire Marshal",USA,The Oregon Bulletin,62de0b45deac180d4782219e98d4d195bb0566cd,https://secure.sos.state.or.us/oard/viewRedlinePDF.action?filingRsn=46264,,11/23/2020,,Oregon,,Facilities may not see an inspection and provides 900-gallon minimum fueling allowances.,https://secure.sos.state.or.us/oard/displayBulletin.action;JSESSIONID_OARD=L1i1pEyzLKLQ-zc8tlQliA2Spk-iaADY66J8ujVopAG0xoIXvd13!-1212097070?bulltnRsn=609
"Department of Consumer and Business Services, Insurance Regulation",USA,The Oregon Bulletin,50523a11197effe9711dbf5217bafa4aa5037740,https://secure.sos.state.or.us/oard/viewRedlinePDF.action?filingRsn=46227,,11/23/2020,,Oregon,,2020 & 2021 Payment Parameters for the Oregon Reinsurance Program,https://secure.sos.state.or.us/oard/displayBulletin.action;JSESSIONID_OARD=L1i1pEyzLKLQ-zc8tlQliA2Spk-iaADY66J8ujVopAG0xoIXvd13!-1212097070?bulltnRsn=609
"Department of Consumer and Business Services, Finance and Securities Regulation",USA,The Oregon Bulletin,96dba2a6a762d6b96e1f9892027d3098d63cd485,https://secure.sos.state.or.us/oard/viewRedlinePDF.action?filingRsn=46238,,11/23/2020,,Oregon,,Reduces investigation fee for currently licensed Check Cashers and Payday/Title lenders.,https://secure.sos.state.or.us/oard/displayBulletin.action;JSESSIONID_OARD=L1i1pEyzLKLQ-zc8tlQliA2Spk-iaADY66J8ujVopAG0xoIXvd13!-1212097070?bulltnRsn=609
"Department of Human Services, Child Welfare Programs",USA,The Oregon Bulletin,4ed58dd697d74ff878b18608a7cee5552b859254,https://secure.sos.state.or.us/oard/viewRedlinePDF.action?filingRsn=46241,,11/24/2020,,Oregon,,Amendment updating Exhibit 4 in Division 090,https://secure.sos.state.or.us/oard/displayBulletin.action;JSESSIONID_OARD=L1i1pEyzLKLQ-zc8tlQliA2Spk-iaADY66J8ujVopAG0xoIXvd13!-1212097070?bulltnRsn=609
Oregon Youth Authority,USA,The Oregon Bulletin,c97fff1d3508b3b6cb6e8f544c9b7e28288b9719,https://secure.sos.state.or.us/oard/viewRedlinePDF.action?filingRsn=46288,,11/24/2020,,Oregon,,"OYA is adopting the April 2020 ICJ rules by reference, and adding definition.",https://secure.sos.state.or.us/oard/displayBulletin.action;JSESSIONID_OARD=L1i1pEyzLKLQ-zc8tlQliA2Spk-iaADY66J8ujVopAG0xoIXvd13!-1212097070?bulltnRsn=609
"Oregon Health Authority, Health Systems Division: Behavioral Health Services",USA,The Oregon Bulletin,799d0f98d1c56aeb22c8eae3bb033793450a3310,https://secure.sos.state.or.us/oard/viewRedlinePDF.action?filingRsn=46287,,11/24/2020,,Oregon,,Adds requirements for notification to youth-serving entities and individuals after a youth suicide death.,https://secure.sos.state.or.us/oard/displayBulletin.action;JSESSIONID_OARD=L1i1pEyzLKLQ-zc8tlQliA2Spk-iaADY66J8ujVopAG0xoIXvd13!-1212097070?bulltnRsn=609
"Oregon Health Authority, Public Health Division",USA,The Oregon Bulletin,01ac2dc564330bb0a6e9ddfae5f235f4bfe44eb6,https://secure.sos.state.or.us/oard/viewRedlinePDF.action?filingRsn=46290,,11/24/2020,,Oregon,,Oregon Medical Marijuana Program (OMMP) Operations During Declared Emergency,https://secure.sos.state.or.us/oard/displayBulletin.action;JSESSIONID_OARD=L1i1pEyzLKLQ-zc8tlQliA2Spk-iaADY66J8ujVopAG0xoIXvd13!-1212097070?bulltnRsn=609
Board of Chiropractic Examiners,USA,The Oregon Bulletin,f45c9d62f6890b3b79f04215a260c6ddf67afddc,https://secure.sos.state.or.us/oard/viewRedlinePDF.action?filingRsn=46291,,11/24/2020,,Oregon,,Facial Covering Requirements,https://secure.sos.state.or.us/oard/displayBulletin.action;JSESSIONID_OARD=L1i1pEyzLKLQ-zc8tlQliA2Spk-iaADY66J8ujVopAG0xoIXvd13!-1212097070?bulltnRsn=609
"Department of Consumer and Business Services, Insurance Regulation",USA,The Oregon Bulletin,b3f7a4c5be0c7fe643dc424b03f6c0e7327de3d7,https://secure.sos.state.or.us/oard/viewRedlinePDF.action?filingRsn=46292,,11/24/2020,,Oregon,,Wind down of emergency order prohibiting nonrenewals of insurance policies,https://secure.sos.state.or.us/oard/displayBulletin.action;JSESSIONID_OARD=L1i1pEyzLKLQ-zc8tlQliA2Spk-iaADY66J8ujVopAG0xoIXvd13!-1212097070?bulltnRsn=609
Psychiatric Security Review Board,USA,The Oregon Bulletin,fd46eaa80d622b6b7a1a69491d914851c31deab0,https://secure.sos.state.or.us/oard/viewRedlinePDF.action?filingRsn=46276,,11/24/2020,,Oregon,,Defining terms under OAR 859-200-0020,https://secure.sos.state.or.us/oard/displayBulletin.action;JSESSIONID_OARD=L1i1pEyzLKLQ-zc8tlQliA2Spk-iaADY66J8ujVopAG0xoIXvd13!-1212097070?bulltnRsn=609
Department of Public Safety Standards and Training,USA,The Oregon Bulletin,b129c4c9a686c323f2558f4eb4abf89b1ed2e8dd,https://secure.sos.state.or.us/oard/viewRedlinePDF.action?filingRsn=46293,,11/25/2020,,Oregon,,Amending the criteria for recognition on the Oregon Fallen Law Enforcement Memorial.,https://secure.sos.state.or.us/oard/displayBulletin.action;JSESSIONID_OARD=L1i1pEyzLKLQ-zc8tlQliA2Spk-iaADY66J8ujVopAG0xoIXvd13!-1212097070?bulltnRsn=609
Department of Public Safety Standards and Training,USA,The Oregon Bulletin,457a0f776fe4f96f8ea4d9de45bdf1dc87ab4e8c,https://secure.sos.state.or.us/oard/viewRedlinePDF.action?filingRsn=46289,,11/25/2020,,Oregon,,Adding discrimination as a violation of the moral fitness standards for public safety professional certification.,https://secure.sos.state.or.us/oard/displayBulletin.action;JSESSIONID_OARD=L1i1pEyzLKLQ-zc8tlQliA2Spk-iaADY66J8ujVopAG0xoIXvd13!-1212097070?bulltnRsn=609
"Higher Education Coordinating Commission, Office of Student Access and Completion",USA,The Oregon Bulletin,fdd1bee7c9ce5dc48889178520c80bce2e08b4ef,https://secure.sos.state.or.us/oard/viewRedlinePDF.action?filingRsn=46298,,11/25/2020,,Oregon,,Increasing flexibility of state administered financial aid eligibility requirements in instances of widespread emergency.,https://secure.sos.state.or.us/oard/displayBulletin.action;JSESSIONID_OARD=L1i1pEyzLKLQ-zc8tlQliA2Spk-iaADY66J8ujVopAG0xoIXvd13!-1212097070?bulltnRsn=609
"Department of Transportation, Driver and Motor Vehicle Services Division",USA,The Oregon Bulletin,718ef06bf27d4dbe84a05f66a2ef4186e3885747,https://secure.sos.state.or.us/oard/viewRedlinePDF.action?filingRsn=46299,,11/25/2020,,Oregon,,DMV Online Services and Changes to Drive Test Wait Times and Validity Period,https://secure.sos.state.or.us/oard/displayBulletin.action;JSESSIONID_OARD=L1i1pEyzLKLQ-zc8tlQliA2Spk-iaADY66J8ujVopAG0xoIXvd13!-1212097070?bulltnRsn=609
"Department of Human Services, Child Welfare Programs",USA,The Oregon Bulletin,a5a4fdd1f4ec621a5788a969359058b63e980a07,https://secure.sos.state.or.us/oard/viewRedlinePDF.action?filingRsn=46236,,11/25/2020,,Oregon,,Amending Division 030-Case Management – Program Eligibility to extend age for Chafee housing eligibility,https://secure.sos.state.or.us/oard/displayBulletin.action;JSESSIONID_OARD=L1i1pEyzLKLQ-zc8tlQliA2Spk-iaADY66J8ujVopAG0xoIXvd13!-1212097070?bulltnRsn=609
Department of Environmental Quality,USA,The Oregon Bulletin,347691a09bc8de2b65e13770a3a33871d6e2aeea,https://secure.sos.state.or.us/oard/viewRedlinePDF.action?filingRsn=46278,,11/30/2020,,Oregon,,High Hazard Railroad Contingency Planning 2021,https://secure.sos.state.or.us/oard/displayBulletin.action;JSESSIONID_OARD=L1i1pEyzLKLQ-zc8tlQliA2Spk-iaADY66J8ujVopAG0xoIXvd13!-1212097070?bulltnRsn=609
"Oregon Department of Education, Youth Development Division",USA,The Oregon Bulletin,34a0d3b45cbfdc119ed88dfe02f956c3b1bab328,https://secure.sos.state.or.us/oard/viewRedlinePDF.action?filingRsn=46326,,11/30/2020,,Oregon,,Compliance Monitoring for federal Juvenile Justice and Delinquency Prevention Act,https://secure.sos.state.or.us/oard/displayBulletin.action;JSESSIONID_OARD=L1i1pEyzLKLQ-zc8tlQliA2Spk-iaADY66J8ujVopAG0xoIXvd13!-1212097070?bulltnRsn=609
Department of Veterans' Affairs,USA,The Oregon Bulletin,2ae94d51ad6ab740ddfb45d225ce575d56b31330,https://secure.sos.state.or.us/oard/viewRedlinePDF.action?filingRsn=46327,,11/30/2020,,Oregon,,Veteran Services Grant,https://secure.sos.state.or.us/oard/displayBulletin.action;JSESSIONID_OARD=L1i1pEyzLKLQ-zc8tlQliA2Spk-iaADY66J8ujVopAG0xoIXvd13!-1212097070?bulltnRsn=609
Oregon Public Employees Retirement System,USA,The Oregon Bulletin,9e762375b0ba9f477d411493267c1e4085115145,https://secure.sos.state.or.us/oard/viewRedlinePDF.action?filingRsn=46270,,11/30/2020,,Oregon,,Allow PERS to disclose member information to employers for wage reporting and payment of contributions .,https://secure.sos.state.or.us/oard/displayBulletin.action;JSESSIONID_OARD=L1i1pEyzLKLQ-zc8tlQliA2Spk-iaADY66J8ujVopAG0xoIXvd13!-1212097070?bulltnRsn=609
Oregon Public Employees Retirement System,USA,The Oregon Bulletin,c6414ca33141183b6f321fa6faf8473a4a3e9f80,https://secure.sos.state.or.us/oard/viewRedlinePDF.action?filingRsn=46271,,11/30/2020,,Oregon,,Edit rule to conform with statutory language regarding payment of death benefits,https://secure.sos.state.or.us/oard/displayBulletin.action;JSESSIONID_OARD=L1i1pEyzLKLQ-zc8tlQliA2Spk-iaADY66J8ujVopAG0xoIXvd13!-1212097070?bulltnRsn=609
Oregon Public Employees Retirement System,USA,The Oregon Bulletin,ffcb062c81d1d21737e3816047f46f5bfb26e82c,https://secure.sos.state.or.us/oard/viewRedlinePDF.action?filingRsn=46272,,11/30/2020,,Oregon,,"WAR payroll rules, including clarifying contribution rate for certain employers, if rate does not exist.",https://secure.sos.state.or.us/oard/displayBulletin.action;JSESSIONID_OARD=L1i1pEyzLKLQ-zc8tlQliA2Spk-iaADY66J8ujVopAG0xoIXvd13!-1212097070?bulltnRsn=609
Department of Justice,USA,The Oregon Bulletin,0f588661b2b5a5b268d5484559cfc10074c2e819,https://secure.sos.state.or.us/oard/viewRedlinePDF.action?filingRsn=46328,,11/30/2020,,Oregon,,Federal final rule technical corrections; paternity,https://secure.sos.state.or.us/oard/displayBulletin.action;JSESSIONID_OARD=L1i1pEyzLKLQ-zc8tlQliA2Spk-iaADY66J8ujVopAG0xoIXvd13!-1212097070?bulltnRsn=609
"Department of Human Services, Child Welfare Programs",USA,The Oregon Bulletin,7772875ed0eada8f8a4169ec50e78d557ada58f8,https://secure.sos.state.or.us/oard/viewRedlinePDF.action?filingRsn=46330,,11/30/2020,,Oregon,,Amendment Correcting Error in Division 100 ELIGIBILITY FOR FEDERAL FUNDING Definitions,https://secure.sos.state.or.us/oard/displayBulletin.action;JSESSIONID_OARD=L1i1pEyzLKLQ-zc8tlQliA2Spk-iaADY66J8ujVopAG0xoIXvd13!-1212097070?bulltnRsn=609
Department of Environmental Quality,USA,The Oregon Bulletin,750cbc1b12535a7eb9bea0f9a574f60518518897,https://secure.sos.state.or.us/oard/viewRedlinePDF.action?filingRsn=46301,,11/30/2020,,Oregon,,2020 Water Quality Fee Correction Rulemaking,https://secure.sos.state.or.us/oard/displayBulletin.action;JSESSIONID_OARD=L1i1pEyzLKLQ-zc8tlQliA2Spk-iaADY66J8ujVopAG0xoIXvd13!-1212097070?bulltnRsn=609
Department of Human Services,USA,The Oregon Bulletin,2d792b1db1391ef6bdb5a2f13849a6927e75140a,https://secure.sos.state.or.us/oard/viewRedlinePDF.action?filingRsn=46621,,01/04/2021,,Oregon,,OTIS: 407-047-0600 through 407-047-0730 Screen/investigate child abuse by third-party.,https://secure.sos.state.or.us/oard/displayBulletin.action;JSESSIONID_OARD=L1i1pEyzLKLQ-zc8tlQliA2Spk-iaADY66J8ujVopAG0xoIXvd13!-1212097070?bulltnRsn=649
Department of Human Services,USA,The Oregon Bulletin,83cb6dab2a3d3311a4de260e7091b18fac737b6f,https://secure.sos.state.or.us/oard/viewRedlinePDF.action?filingRsn=46557,,01/04/2021,,Oregon,,OTIS: 407-045-0800 through 407-045-0955 add ODDS foster homes and align language,https://secure.sos.state.or.us/oard/displayBulletin.action;JSESSIONID_OARD=L1i1pEyzLKLQ-zc8tlQliA2Spk-iaADY66J8ujVopAG0xoIXvd13!-1212097070?bulltnRsn=649
Oregon Medical Board,USA,The Oregon Bulletin,c642b85d8aa90c52b225203ba6083e29e345d22d,https://secure.sos.state.or.us/oard/viewRedlinePDF.action?filingRsn=46669,,01/13/2021,,Oregon,,EMS Scope of Practice for Cardiac Monitoring and Electrocardiogram,https://secure.sos.state.or.us/oard/displayBulletin.action;JSESSIONID_OARD=L1i1pEyzLKLQ-zc8tlQliA2Spk-iaADY66J8ujVopAG0xoIXvd13!-1212097070?bulltnRsn=649
Oregon Medical Board,USA,The Oregon Bulletin,0ed89a3e3c8f50b057f089c532341c3401375fc3,https://secure.sos.state.or.us/oard/viewRedlinePDF.action?filingRsn=46668,,01/13/2021,,Oregon,,Practice in Oregon in the Event of an Emergency,https://secure.sos.state.or.us/oard/displayBulletin.action;JSESSIONID_OARD=L1i1pEyzLKLQ-zc8tlQliA2Spk-iaADY66J8ujVopAG0xoIXvd13!-1212097070?bulltnRsn=649
Oregon Youth Authority,USA,The Oregon Bulletin,89807104484a87dd8b81570ddf59051285fd3dd8,https://secure.sos.state.or.us/oard/viewRedlinePDF.action?filingRsn=46672,,01/13/2021,,Oregon,,"Minor corrections to definitions, numbering, and references.",https://secure.sos.state.or.us/oard/displayBulletin.action;JSESSIONID_OARD=L1i1pEyzLKLQ-zc8tlQliA2Spk-iaADY66J8ujVopAG0xoIXvd13!-1212097070?bulltnRsn=649
"Mental Health Regulatory Agency, Oregon Board of Psychology",USA,The Oregon Bulletin,b9a5497d4b21b6f9e62614e0501f95bd8c03dc8a,https://secure.sos.state.or.us/oard/viewRedlinePDF.action?filingRsn=46677,,01/14/2021,,Oregon,,Board member compensation.,https://secure.sos.state.or.us/oard/displayBulletin.action;JSESSIONID_OARD=L1i1pEyzLKLQ-zc8tlQliA2Spk-iaADY66J8ujVopAG0xoIXvd13!-1212097070?bulltnRsn=649
Department of Justice,USA,The Oregon Bulletin,593d1548beb9e1e38a5f868b66b1f6be967c29c1,https://secure.sos.state.or.us/oard/viewRedlinePDF.action?filingRsn=46679,,01/14/2021,,Oregon,,Update counselor maximum payment amounts for CVCP and SAVE; minor changes to CVCP.,https://secure.sos.state.or.us/oard/displayBulletin.action;JSESSIONID_OARD=L1i1pEyzLKLQ-zc8tlQliA2Spk-iaADY66J8ujVopAG0xoIXvd13!-1212097070?bulltnRsn=649
Department of Human Services,USA,The Oregon Bulletin,6fe4ade74f57f640f7f8ab1b199411c585c2bc3d,https://secure.sos.state.or.us/oard/viewRedlinePDF.action?filingRsn=46686,,01/22/2021,,Oregon,,"OTIS Adult SUD Investigation Rules, notice of outcome name change to Notice of Substantiated Abuse.",https://secure.sos.state.or.us/oard/displayBulletin.action;JSESSIONID_OARD=L1i1pEyzLKLQ-zc8tlQliA2Spk-iaADY66J8ujVopAG0xoIXvd13!-1212097070?bulltnRsn=649
"Department of Consumer and Business Services, Director's Office",USA,The Oregon Bulletin,7858dab42a17dd835606e0fe630a92c7ffdcd6b2,https://secure.sos.state.or.us/oard/viewRedlinePDF.action?filingRsn=46712,,01/22/2021,,Oregon,,Adopting rules related to Quarantine Time Loss Program administration.,https://secure.sos.state.or.us/oard/displayBulletin.action;JSESSIONID_OARD=L1i1pEyzLKLQ-zc8tlQliA2Spk-iaADY66J8ujVopAG0xoIXvd13!-1212097070?bulltnRsn=649
Department of Fish and Wildlife,USA,The Oregon Bulletin,2188c4f37bc9b89de0c7a7a1504c3bb3d1b1ac72,https://secure.sos.state.or.us/oard/viewRedlinePDF.action?filingRsn=46694,,01/22/2021,,Oregon,,Commercial Market Squid Management Measures,https://secure.sos.state.or.us/oard/displayBulletin.action;JSESSIONID_OARD=L1i1pEyzLKLQ-zc8tlQliA2Spk-iaADY66J8ujVopAG0xoIXvd13!-1212097070?bulltnRsn=649
Department of Fish and Wildlife,USA,The Oregon Bulletin,9b775a23b6de34ed196684da92851eca89c6dc93,https://secure.sos.state.or.us/oard/viewRedlinePDF.action?filingRsn=46714,,01/22/2021,,Oregon,,Rendering Recompensable Assistance to Other State Agencies,https://secure.sos.state.or.us/oard/displayBulletin.action;JSESSIONID_OARD=L1i1pEyzLKLQ-zc8tlQliA2Spk-iaADY66J8ujVopAG0xoIXvd13!-1212097070?bulltnRsn=649
"Department of Human Services, Aging and People with Disabilities and Developmental Disabilities",USA,The Oregon Bulletin,9003bf12cffaed69acbb7cb4fa35d11634ac89f7,https://secure.sos.state.or.us/oard/viewRedlinePDF.action?filingRsn=46715,,01/25/2021,,Oregon,,ODDS: Definitions and Centralized Abuse Management (Housekeeping),https://secure.sos.state.or.us/oard/displayBulletin.action;JSESSIONID_OARD=L1i1pEyzLKLQ-zc8tlQliA2Spk-iaADY66J8ujVopAG0xoIXvd13!-1212097070?bulltnRsn=649
"Public Utility Commission, Oregon Board of Maritime Pilots",USA,The Oregon Bulletin,4f6b1214963ddde4c84e91f42e38643c28297da7,https://secure.sos.state.or.us/oard/viewRedlinePDF.action?filingRsn=46741,,01/25/2021,,Oregon,,Amends rule to reflect current practices.,https://secure.sos.state.or.us/oard/displayBulletin.action;JSESSIONID_OARD=L1i1pEyzLKLQ-zc8tlQliA2Spk-iaADY66J8ujVopAG0xoIXvd13!-1212097070?bulltnRsn=649
"Oregon Health Authority, Health Licensing Office, Behavior Analysis Regulatory Board",USA,The Oregon Bulletin,87a433b521944fc8c5826e1cfdca4ffc7463ee25,https://secure.sos.state.or.us/oard/viewRedlinePDF.action?filingRsn=46737,,01/25/2021,,Oregon,,Behavior Analysis Regulatory Board wants licensees to have a policy for the use of restraints.,https://secure.sos.state.or.us/oard/displayBulletin.action;JSESSIONID_OARD=L1i1pEyzLKLQ-zc8tlQliA2Spk-iaADY66J8ujVopAG0xoIXvd13!-1212097070?bulltnRsn=649
Department of State Lands,USA,The Oregon Bulletin,5a12c53676ba59ffa33ae128bdce2197c3f03d1c,https://secure.sos.state.or.us/oard/viewRedlinePDF.action?filingRsn=46742,,01/25/2021,,Oregon,,Revisions to the Oregon Essential Indigenous Anadromous Salmonid Habitat (ESH) Rules,https://secure.sos.state.or.us/oard/displayBulletin.action;JSESSIONID_OARD=L1i1pEyzLKLQ-zc8tlQliA2Spk-iaADY66J8ujVopAG0xoIXvd13!-1212097070?bulltnRsn=649
Department of Agriculture,USA,The Oregon Bulletin,86eb67b6e4d1384bc6a21eb53ad41b2774a8c7d8,https://secure.sos.state.or.us/oard/viewRedlinePDF.action?filingRsn=46747,,01/26/2021,,Oregon,,Amends rules to establish quarantine in additional counties to address Japanese beetle infestation,https://secure.sos.state.or.us/oard/displayBulletin.action;JSESSIONID_OARD=L1i1pEyzLKLQ-zc8tlQliA2Spk-iaADY66J8ujVopAG0xoIXvd13!-1212097070?bulltnRsn=649
Department of State Lands,USA,The Oregon Bulletin,6456f408f8f94fb82be14e8dd11cfb35906f5e76,https://secure.sos.state.or.us/oard/viewRedlinePDF.action?filingRsn=46751,,01/27/2021,,Oregon,,Corrected Hearing Instructions: Revisions to the Oregon Essential Indigenous Anadromous Salmonid Habitat (ESH) Rules,https://secure.sos.state.or.us/oard/displayBulletin.action;JSESSIONID_OARD=L1i1pEyzLKLQ-zc8tlQliA2Spk-iaADY66J8ujVopAG0xoIXvd13!-1212097070?bulltnRsn=649
Board of Nursing,USA,The Oregon Bulletin,448dce48b712a9e75be19357b121b6251af0734f,https://secure.sos.state.or.us/oard/viewRedlinePDF.action?filingRsn=46752,,01/27/2021,,Oregon,,To amend and revise OAR 851-006,https://secure.sos.state.or.us/oard/displayBulletin.action;JSESSIONID_OARD=L1i1pEyzLKLQ-zc8tlQliA2Spk-iaADY66J8ujVopAG0xoIXvd13!-1212097070?bulltnRsn=649
Board of Nursing,USA,The Oregon Bulletin,713e30927eb32df4bd8f7581b1b7607e6ca129c4,https://secure.sos.state.or.us/oard/viewRedlinePDF.action?filingRsn=46755,,01/27/2021,,Oregon,,Revisions to align with HB 2011 and ORS 676.850 requiring cultural competency continuing education,https://secure.sos.state.or.us/oard/displayBulletin.action;JSESSIONID_OARD=L1i1pEyzLKLQ-zc8tlQliA2Spk-iaADY66J8ujVopAG0xoIXvd13!-1212097070?bulltnRsn=649
Board of Nursing,USA,The Oregon Bulletin,4d62919ac4eab495639a80979f54f7c7f6d61779,https://secure.sos.state.or.us/oard/viewRedlinePDF.action?filingRsn=46756,,01/27/2021,,Oregon,,Replace chapters applicable to all APRNs,https://secure.sos.state.or.us/oard/displayBulletin.action;JSESSIONID_OARD=L1i1pEyzLKLQ-zc8tlQliA2Spk-iaADY66J8ujVopAG0xoIXvd13!-1212097070?bulltnRsn=649
Board of Nursing,USA,The Oregon Bulletin,b16c8d1a3f47eadca7bc9f231fbd47c04396c026,https://secure.sos.state.or.us/oard/viewRedlinePDF.action?filingRsn=46757,,01/27/2021,,Oregon,,Replace chapters applicable to all APRNS,https://secure.sos.state.or.us/oard/displayBulletin.action;JSESSIONID_OARD=L1i1pEyzLKLQ-zc8tlQliA2Spk-iaADY66J8ujVopAG0xoIXvd13!-1212097070?bulltnRsn=649
Board of Nursing,USA,The Oregon Bulletin,db5b82d1d4e45d38e87c2426a25b8bb11b049830,https://secure.sos.state.or.us/oard/viewRedlinePDF.action?filingRsn=46758,,01/27/2021,,Oregon,,Replace chapters applicable to all APRNs,https://secure.sos.state.or.us/oard/displayBulletin.action;JSESSIONID_OARD=L1i1pEyzLKLQ-zc8tlQliA2Spk-iaADY66J8ujVopAG0xoIXvd13!-1212097070?bulltnRsn=649
Oregon Public Employees Retirement System,USA,The Oregon Bulletin,23640cb15fcb07f84859e64bce3816428ba46143,https://secure.sos.state.or.us/oard/viewRedlinePDF.action?filingRsn=46759,,01/27/2021,,Oregon,,"Update rules to reflect the 2020 IRC, salary limit, and monthly salary threshold for EPSA.",https://secure.sos.state.or.us/oard/displayBulletin.action;JSESSIONID_OARD=L1i1pEyzLKLQ-zc8tlQliA2Spk-iaADY66J8ujVopAG0xoIXvd13!-1212097070?bulltnRsn=649
Department of Agriculture,USA,The Oregon Bulletin,6bf64ba4f76f515e26d3c9226492e9f70659b32e,https://secure.sos.state.or.us/oard/viewRedlinePDF.action?filingRsn=46748,,01/27/2021,,Oregon,,Raises Food Safety Fees,https://secure.sos.state.or.us/oard/displayBulletin.action;JSESSIONID_OARD=L1i1pEyzLKLQ-zc8tlQliA2Spk-iaADY66J8ujVopAG0xoIXvd13!-1212097070?bulltnRsn=649
Oregon Department of Education,USA,The Oregon Bulletin,681a139d8e4175f736bc503007e50782c803b8ae,https://secure.sos.state.or.us/oard/viewRedlinePDF.action?filingRsn=46767,,01/27/2021,,Oregon,,School Nutrition Programs,https://secure.sos.state.or.us/oard/displayBulletin.action;JSESSIONID_OARD=L1i1pEyzLKLQ-zc8tlQliA2Spk-iaADY66J8ujVopAG0xoIXvd13!-1212097070?bulltnRsn=649
Bureau of Labor and Industries,USA,The Oregon Bulletin,dcf7399856b17b0992e89579b12acaa6365bbbf9,https://secure.sos.state.or.us/oard/viewRedlinePDF.action?filingRsn=46632,,01/27/2021,,Oregon,,Use of OFLA sick child leave during statewide public health emergency,https://secure.sos.state.or.us/oard/displayBulletin.action;JSESSIONID_OARD=L1i1pEyzLKLQ-zc8tlQliA2Spk-iaADY66J8ujVopAG0xoIXvd13!-1212097070?bulltnRsn=649
Board of Nursing,USA,The Oregon Bulletin,73e6215f136b5e7a9fc3855eac795c97b4195e43,https://secure.sos.state.or.us/oard/viewRedlinePDF.action?filingRsn=46777,,01/28/2021,,Oregon,,"Revisions to delete, revise and amend sections of OAR 851-031",https://secure.sos.state.or.us/oard/displayBulletin.action;JSESSIONID_OARD=L1i1pEyzLKLQ-zc8tlQliA2Spk-iaADY66J8ujVopAG0xoIXvd13!-1212097070?bulltnRsn=649
Oregon Department of Education,USA,The Oregon Bulletin,72d6e948ec22b953c880de44a2f2d1151e254484,https://secure.sos.state.or.us/oard/viewRedlinePDF.action?filingRsn=46778,,01/28/2021,,Oregon,,African American/Black Student Success Plan Grant Program,https://secure.sos.state.or.us/oard/displayBulletin.action;JSESSIONID_OARD=L1i1pEyzLKLQ-zc8tlQliA2Spk-iaADY66J8ujVopAG0xoIXvd13!-1212097070?bulltnRsn=649
Veterinary Medical Examining Board,USA,The Oregon Bulletin,98a09df10711a7976895d65498a0ce930b5eeb9c,https://secure.sos.state.or.us/oard/viewRedlinePDF.action?filingRsn=46763,,01/28/2021,,Oregon,,Compliance with Governor's Emergency Executive Orders and Guidance,https://secure.sos.state.or.us/oard/displayBulletin.action;JSESSIONID_OARD=L1i1pEyzLKLQ-zc8tlQliA2Spk-iaADY66J8ujVopAG0xoIXvd13!-1212097070?bulltnRsn=649
"Department of Human Services, Self-Sufficiency Programs",USA,The Oregon Bulletin,408152c503c82f2fde57caf13cc5a3efab8cc626,https://secure.sos.state.or.us/oard/viewRedlinePDF.action?filingRsn=46749,,01/28/2021,,Oregon,,Proposing Permanent Amendments to 17 rules about Self-Sufficiency Programs,https://secure.sos.state.or.us/oard/displayBulletin.action;JSESSIONID_OARD=L1i1pEyzLKLQ-zc8tlQliA2Spk-iaADY66J8ujVopAG0xoIXvd13!-1212097070?bulltnRsn=649
"Oregon Health Authority, Health Licensing Office, Board of Direct Entry Midwifery",USA,The Oregon Bulletin,b25b873d74fba64b48de90e474d63cbdccf0dbca,https://secure.sos.state.or.us/oard/viewRedlinePDF.action?filingRsn=46782,,01/28/2021,,Oregon,,Require cultural competency continuing education and streamline renewal requirements.,https://secure.sos.state.or.us/oard/displayBulletin.action;JSESSIONID_OARD=L1i1pEyzLKLQ-zc8tlQliA2Spk-iaADY66J8ujVopAG0xoIXvd13!-1212097070?bulltnRsn=649
"Oregon Health Authority, Health Licensing Office",USA,The Oregon Bulletin,864e0138ec643e725cc82dab35902d785e06a9c0,https://secure.sos.state.or.us/oard/viewRedlinePDF.action?filingRsn=46784,,01/28/2021,,Oregon,,Require cultural competency continuing education and streamline renewal requirements.,https://secure.sos.state.or.us/oard/displayBulletin.action;JSESSIONID_OARD=L1i1pEyzLKLQ-zc8tlQliA2Spk-iaADY66J8ujVopAG0xoIXvd13!-1212097070?bulltnRsn=649
"Department of Transportation, Motor Carrier Transportation Division",USA,The Oregon Bulletin,8c0869de9b2d8eccf29a2795472759a1b1a9410d,https://secure.sos.state.or.us/oard/viewRedlinePDF.action?filingRsn=46781,,01/28/2021,,Oregon,,Annual re-adoption of Federal Motor Carrier Safety Regulations and Out of Service Criteria,https://secure.sos.state.or.us/oard/displayBulletin.action;JSESSIONID_OARD=L1i1pEyzLKLQ-zc8tlQliA2Spk-iaADY66J8ujVopAG0xoIXvd13!-1212097070?bulltnRsn=649
"Department of Transportation, Motor Carrier Transportation Division",USA,The Oregon Bulletin,21a8d0294172fe9cbbcb60285df544f13db0d34d,https://secure.sos.state.or.us/oard/viewRedlinePDF.action?filingRsn=46780,,01/28/2021,,Oregon,,Procedure to electronically obtain Personal Identification Numbers to conduct electronic transactions on Oregon Trucking Online,https://secure.sos.state.or.us/oard/displayBulletin.action;JSESSIONID_OARD=L1i1pEyzLKLQ-zc8tlQliA2Spk-iaADY66J8ujVopAG0xoIXvd13!-1212097070?bulltnRsn=649
"Department of Consumer and Business Services, Building Codes Division",USA,The Oregon Bulletin,f58317b8c07ef179c90e4354c9425807b87112fd,https://secure.sos.state.or.us/oard/viewRedlinePDF.action?filingRsn=46785,,01/28/2021,,Oregon,,Amends Chapter 1 of the 2019 Oregon Structural Specialty Code.,https://secure.sos.state.or.us/oard/displayBulletin.action;JSESSIONID_OARD=L1i1pEyzLKLQ-zc8tlQliA2Spk-iaADY66J8ujVopAG0xoIXvd13!-1212097070?bulltnRsn=649
"Department of Consumer and Business Services, Building Codes Division",USA,The Oregon Bulletin,0c631d215a318a02e05686c94715deb343d11379,https://secure.sos.state.or.us/oard/viewRedlinePDF.action?filingRsn=46786,,01/28/2021,,Oregon,,Adopts the 2021 Oregon Residential Specialty Code.,https://secure.sos.state.or.us/oard/displayBulletin.action;JSESSIONID_OARD=L1i1pEyzLKLQ-zc8tlQliA2Spk-iaADY66J8ujVopAG0xoIXvd13!-1212097070?bulltnRsn=649
Department of Agriculture,USA,The Oregon Bulletin,dc2485e0cd227da605a1d2e080e51dae6b44823a,https://secure.sos.state.or.us/oard/viewRedlinePDF.action?filingRsn=46787,,01/28/2021,,Oregon,,Updating the Oregon Grape Pest and Disease Quarantine,https://secure.sos.state.or.us/oard/displayBulletin.action;JSESSIONID_OARD=L1i1pEyzLKLQ-zc8tlQliA2Spk-iaADY66J8ujVopAG0xoIXvd13!-1212097070?bulltnRsn=649
"Department of Consumer and Business Services, Workers' Compensation Division",USA,The Oregon Bulletin,e6824e342a0c0bb103a2b530a71b0282e468e8da,https://secure.sos.state.or.us/oard/viewRedlinePDF.action?filingRsn=46788,,01/28/2021,,Oregon,,"Workers’ compensation medical fees and payments, medical services, and managed care organizations",https://secure.sos.state.or.us/oard/displayBulletin.action;JSESSIONID_OARD=L1i1pEyzLKLQ-zc8tlQliA2Spk-iaADY66J8ujVopAG0xoIXvd13!-1212097070?bulltnRsn=649
"Oregon Health Authority, Health Policy and Analytics",USA,The Oregon Bulletin,baa0a9e9995fc9f8cc50df88da531106ed0ec24c,https://secure.sos.state.or.us/oard/viewRedlinePDF.action?filingRsn=46790,,01/28/2021,,Oregon,,Health Care Provider Incentive Program rule edits.,https://secure.sos.state.or.us/oard/displayBulletin.action;JSESSIONID_OARD=L1i1pEyzLKLQ-zc8tlQliA2Spk-iaADY66J8ujVopAG0xoIXvd13!-1212097070?bulltnRsn=649
"Department of Human Services, Child Welfare Programs",USA,The Oregon Bulletin,81933ab36d0f555e65720310cee16c02139376eb,https://secure.sos.state.or.us/oard/viewRedlinePDF.action?filingRsn=46776,,01/29/2021,,Oregon,,Amending Division 200 Resource Family Certification to Update Terminology,https://secure.sos.state.or.us/oard/displayBulletin.action;JSESSIONID_OARD=L1i1pEyzLKLQ-zc8tlQliA2Spk-iaADY66J8ujVopAG0xoIXvd13!-1212097070?bulltnRsn=649
"Department of Transportation, Highway Division",USA,The Oregon Bulletin,376387a0679b7af469f80f4fd1a28ca4c5e3eb77,https://secure.sos.state.or.us/oard/viewRedlinePDF.action?filingRsn=46792,,01/29/2021,,Oregon,,Extension of maximum length for solo vehicles with loads travelling under annual oversize permits,https://secure.sos.state.or.us/oard/displayBulletin.action;JSESSIONID_OARD=L1i1pEyzLKLQ-zc8tlQliA2Spk-iaADY66J8ujVopAG0xoIXvd13!-1212097070?bulltnRsn=649
"Department of Human Services, Child Welfare Programs",USA,The Oregon Bulletin,8953245f180723f68648d28a06bd81be8b2cccd8,https://secure.sos.state.or.us/oard/viewRedlinePDF.action?filingRsn=46791,,01/29/2021,,Oregon,,Adopting Rule Regarding Child Welfare's Covid-19 Emergency Rule,https://secure.sos.state.or.us/oard/displayBulletin.action;JSESSIONID_OARD=L1i1pEyzLKLQ-zc8tlQliA2Spk-iaADY66J8ujVopAG0xoIXvd13!-1212097070?bulltnRsn=649
"Department of Human Services, Self-Sufficiency Programs",USA,The Oregon Bulletin,05dfc024365150835ce90007ddea4e706ea43901,https://secure.sos.state.or.us/oard/viewRedlinePDF.action?filingRsn=46754,,01/29/2021,,Oregon,,Proposing Permanent Amendments to Eight Rules about Self-Sufficiency and APD Medical Programs,https://secure.sos.state.or.us/oard/displayBulletin.action;JSESSIONID_OARD=L1i1pEyzLKLQ-zc8tlQliA2Spk-iaADY66J8ujVopAG0xoIXvd13!-1212097070?bulltnRsn=649
"Oregon Health Authority, Health Systems Division: Medical Assistance Programs",USA,The Oregon Bulletin,95d02c11517692e53fe54678a3c23d19b2a5b6a7,https://secure.sos.state.or.us/oard/viewRedlinePDF.action?filingRsn=46794,,01/29/2021,,Oregon,,Updates to the Prioritized List of Covered Health Services,https://secure.sos.state.or.us/oard/displayBulletin.action;JSESSIONID_OARD=L1i1pEyzLKLQ-zc8tlQliA2Spk-iaADY66J8ujVopAG0xoIXvd13!-1212097070?bulltnRsn=649
"Oregon Health Authority, Health Systems Division: Medical Assistance Programs",USA,The Oregon Bulletin,949e2219dc4f6602ec9eff28e0085aa28447999d,https://secure.sos.state.or.us/oard/viewRedlinePDF.action?filingRsn=46795,,01/29/2021,,Oregon,,Type A/B Hospital Assessment Rate Increase,https://secure.sos.state.or.us/oard/displayBulletin.action;JSESSIONID_OARD=L1i1pEyzLKLQ-zc8tlQliA2Spk-iaADY66J8ujVopAG0xoIXvd13!-1212097070?bulltnRsn=649
"Department of Consumer and Business Services, Oregon Occupational Safety and Health Division",USA,The Oregon Bulletin,7924a4709bdc391d49d52f79abfecdb4ce5cfee8,https://secure.sos.state.or.us/oard/viewRedlinePDF.action?filingRsn=46793,,01/29/2021,,Oregon,,Rules Addressing the COVID-19 Public Health Emergency in All Oregon Workplaces,https://secure.sos.state.or.us/oard/displayBulletin.action;JSESSIONID_OARD=L1i1pEyzLKLQ-zc8tlQliA2Spk-iaADY66J8ujVopAG0xoIXvd13!-1212097070?bulltnRsn=649
"Oregon Health Authority, Public Health Division",USA,The Oregon Bulletin,599ba95b272d8b562c2fac392d3d1a7aa1125133,https://secure.sos.state.or.us/oard/viewRedlinePDF.action?filingRsn=46796,,01/29/2021,,Oregon,,Disease reporting in out-of-state residents; reporting COVID19 laboratory reports of “CLIA-waived” tests,https://secure.sos.state.or.us/oard/displayBulletin.action;JSESSIONID_OARD=L1i1pEyzLKLQ-zc8tlQliA2Spk-iaADY66J8ujVopAG0xoIXvd13!-1212097070?bulltnRsn=649
Board of Chiropractic Examiners,USA,The Oregon Bulletin,47cd1147fac8ef17c21638c0b87569a13c77cba7,https://secure.sos.state.or.us/oard/viewRedlinePDF.action?filingRsn=46347,,12/01/2020,,Oregon,,Updating to reflect voted in Measure 110,https://secure.sos.state.or.us/oard/displayBulletin.action;JSESSIONID_OARD=L1i1pEyzLKLQ-zc8tlQliA2Spk-iaADY66J8ujVopAG0xoIXvd13!-1212097070?bulltnRsn=629
Board of Examiners for Speech-Language Pathology and Audiology,USA,The Oregon Bulletin,c2273741c5fbf03583a5b61c25640f8da58193fc,https://secure.sos.state.or.us/oard/viewRedlinePDF.action?filingRsn=46354,,12/02/2020,,Oregon,,"Adding the violation of executive orders health emergency to the definition of ""Unprofessional Conduct.""",https://secure.sos.state.or.us/oard/displayBulletin.action;JSESSIONID_OARD=L1i1pEyzLKLQ-zc8tlQliA2Spk-iaADY66J8ujVopAG0xoIXvd13!-1212097070?bulltnRsn=629
Board of Chiropractic Examiners,USA,The Oregon Bulletin,89346a5dd0e3a78a73e1dc4072a8f7cbaafe21e1,https://secure.sos.state.or.us/oard/viewRedlinePDF.action?filingRsn=46368,,12/03/2020,,Oregon,,Measure 110 Updates,https://secure.sos.state.or.us/oard/displayBulletin.action;JSESSIONID_OARD=L1i1pEyzLKLQ-zc8tlQliA2Spk-iaADY66J8ujVopAG0xoIXvd13!-1212097070?bulltnRsn=629
"Secretary of State, Elections Division",USA,The Oregon Bulletin,db3a07257fe3f19f194ed843427c372ab05d6ba3,https://secure.sos.state.or.us/oard/viewRedlinePDF.action?filingRsn=46355,,12/04/2020,,Oregon,,Proposing a new rule related to campaign advertising disclosures required by ORS 260.266.,https://secure.sos.state.or.us/oard/displayBulletin.action;JSESSIONID_OARD=L1i1pEyzLKLQ-zc8tlQliA2Spk-iaADY66J8ujVopAG0xoIXvd13!-1212097070?bulltnRsn=629
Appraiser Certification and Licensure Board,USA,The Oregon Bulletin,d9cf68f653d63b965792294049869f1d020a3e40,https://secure.sos.state.or.us/oard/viewRedlinePDF.action?filingRsn=46373,,12/04/2020,,Oregon,,"Allow approved classroom courses to be provided via a live, interactive distance learning format.",https://secure.sos.state.or.us/oard/displayBulletin.action;JSESSIONID_OARD=L1i1pEyzLKLQ-zc8tlQliA2Spk-iaADY66J8ujVopAG0xoIXvd13!-1212097070?bulltnRsn=629
"Department of Human Services, Aging and People with Disabilities and Developmental Disabilities",USA,The Oregon Bulletin,71819c8ea3311aa2a314d79ff6366c876b689173,https://secure.sos.state.or.us/oard/viewRedlinePDF.action?filingRsn=46377,,12/07/2020,,Oregon,,ODDS: Authorization of Attendant Care in an Acute Care Hospital (COVID-19),https://secure.sos.state.or.us/oard/displayBulletin.action;JSESSIONID_OARD=L1i1pEyzLKLQ-zc8tlQliA2Spk-iaADY66J8ujVopAG0xoIXvd13!-1212097070?bulltnRsn=629
"Department of Human Services, Aging and People with Disabilities and Developmental Disabilities",USA,The Oregon Bulletin,a3b59b94443938444ddaf613e9c25cc9bcdc9a4c,https://secure.sos.state.or.us/oard/viewRedlinePDF.action?filingRsn=46378,,12/07/2020,,Oregon,,ODDS: Child Foster Homes - Eligibility for Medicaid Service Payment (COVID-19),https://secure.sos.state.or.us/oard/displayBulletin.action;JSESSIONID_OARD=L1i1pEyzLKLQ-zc8tlQliA2Spk-iaADY66J8ujVopAG0xoIXvd13!-1212097070?bulltnRsn=629
"Oregon Health Authority, Health Systems Division: Behavioral Health Services",USA,The Oregon Bulletin,947a84089224682147c029a1c558aa51cd2a2fbd,https://secure.sos.state.or.us/oard/viewRedlinePDF.action?filingRsn=46398,,12/09/2020,,Oregon,,Allows for completion of DUII Program when urinalysis collection is prevented by state of emergency.,https://secure.sos.state.or.us/oard/displayBulletin.action;JSESSIONID_OARD=L1i1pEyzLKLQ-zc8tlQliA2Spk-iaADY66J8ujVopAG0xoIXvd13!-1212097070?bulltnRsn=629
Parks and Recreation Department,USA,The Oregon Bulletin,37e52b6350d60d7ce41a7b2061139acea2e23ba9,https://secure.sos.state.or.us/oard/viewRedlinePDF.action?filingRsn=46395,,12/10/2020,,Oregon,,Beach Driving Restrictions in South Tillamook County,https://secure.sos.state.or.us/oard/displayBulletin.action;JSESSIONID_OARD=L1i1pEyzLKLQ-zc8tlQliA2Spk-iaADY66J8ujVopAG0xoIXvd13!-1212097070?bulltnRsn=629
Oregon State Marine Board,USA,The Oregon Bulletin,2785c233bf5293ff4adc446b90faaff3ddcbf279,https://secure.sos.state.or.us/oard/viewRedlinePDF.action?filingRsn=46445,,12/14/2020,,Oregon,,Creates additional boating regulations on the Willamette River from downtown Portland upriver to Willamette Falls,https://secure.sos.state.or.us/oard/displayBulletin.action;JSESSIONID_OARD=L1i1pEyzLKLQ-zc8tlQliA2Spk-iaADY66J8ujVopAG0xoIXvd13!-1212097070?bulltnRsn=629
Oregon Business Development Department,USA,The Oregon Bulletin,94cd39c7797babca1d4e8688e1b3b4775a17bad2,https://secure.sos.state.or.us/oard/viewRedlinePDF.action?filingRsn=46436,,12/15/2020,,Oregon,,This new division relates to the Tide Gate Grant and Loan Program.,https://secure.sos.state.or.us/oard/displayBulletin.action;JSESSIONID_OARD=L1i1pEyzLKLQ-zc8tlQliA2Spk-iaADY66J8ujVopAG0xoIXvd13!-1212097070?bulltnRsn=629
Oregon Board of Physical Therapy,USA,The Oregon Bulletin,da2692475033c2b69d8ed3879a9f1daacb94c418,https://secure.sos.state.or.us/oard/viewRedlinePDF.action?filingRsn=46452,,12/15/2020,,Oregon,,"Amending Rule to Adopt most current version of PT Compact Commission Rules, adopted October 2020.",https://secure.sos.state.or.us/oard/displayBulletin.action;JSESSIONID_OARD=L1i1pEyzLKLQ-zc8tlQliA2Spk-iaADY66J8ujVopAG0xoIXvd13!-1212097070?bulltnRsn=629
State Board of Architect Examiners,USA,The Oregon Bulletin,09410cffed1f8554058821652a68104863ef7c84,https://secure.sos.state.or.us/oard/viewRedlinePDF.action?filingRsn=46222,,12/15/2020,,Oregon,,Amendment to clarify the rules and requirements regarding a continuing education audit.,https://secure.sos.state.or.us/oard/displayBulletin.action;JSESSIONID_OARD=L1i1pEyzLKLQ-zc8tlQliA2Spk-iaADY66J8ujVopAG0xoIXvd13!-1212097070?bulltnRsn=629
"Secretary of State, Archives Division",USA,The Oregon Bulletin,078f56ed8f6324f695af59d627cd9da631016989,https://secure.sos.state.or.us/oard/viewRedlinePDF.action?filingRsn=46413,,12/16/2020,,Oregon,,"Revises outdated language, updates services offered, clarifies language relating to Reference Room services and fees",https://secure.sos.state.or.us/oard/displayBulletin.action;JSESSIONID_OARD=L1i1pEyzLKLQ-zc8tlQliA2Spk-iaADY66J8ujVopAG0xoIXvd13!-1212097070?bulltnRsn=629
Department of Fish and Wildlife,USA,The Oregon Bulletin,e8b8fb4c06040c9402d2469760df41616eca88f3,https://secure.sos.state.or.us/oard/viewRedlinePDF.action?filingRsn=46457,,12/16/2020,,Oregon,,Amend Oregon State List of Threatened and Endangered Species to Remove Borax Lake Chub,https://secure.sos.state.or.us/oard/displayBulletin.action;JSESSIONID_OARD=L1i1pEyzLKLQ-zc8tlQliA2Spk-iaADY66J8ujVopAG0xoIXvd13!-1212097070?bulltnRsn=629
Department of Fish and Wildlife,USA,The Oregon Bulletin,9556f0d5d6592f434a9f3cace42100ba6fa5867b,https://secure.sos.state.or.us/oard/viewRedlinePDF.action?filingRsn=46459,,12/16/2020,,Oregon,,Recreational Abalone Fishery Closure Extension,https://secure.sos.state.or.us/oard/displayBulletin.action;JSESSIONID_OARD=L1i1pEyzLKLQ-zc8tlQliA2Spk-iaADY66J8ujVopAG0xoIXvd13!-1212097070?bulltnRsn=629
"Oregon Department of Education, Early Learning Division",USA,The Oregon Bulletin,1ef656a1004e8cf2b6a3f76da21cd48907e85ace,https://secure.sos.state.or.us/oard/viewRedlinePDF.action?filingRsn=46460,,12/16/2020,,Oregon,,ELD increases clarity for applicants in appealing funding decisions to the Early Learning Council.,https://secure.sos.state.or.us/oard/displayBulletin.action;JSESSIONID_OARD=L1i1pEyzLKLQ-zc8tlQliA2Spk-iaADY66J8ujVopAG0xoIXvd13!-1212097070?bulltnRsn=629
Board of Geologist Examiners,USA,The Oregon Bulletin,92fe666171d4e56ded9b81edb3e2e0db9c1ec957,https://secure.sos.state.or.us/oard/viewRedlinePDF.action?filingRsn=46444,,12/17/2020,,Oregon,,Updates to Board Standards and Related Provisions for Examinations and Registrations,https://secure.sos.state.or.us/oard/displayBulletin.action;JSESSIONID_OARD=L1i1pEyzLKLQ-zc8tlQliA2Spk-iaADY66J8ujVopAG0xoIXvd13!-1212097070?bulltnRsn=629
"Oregon Health Authority, Public Health Division",USA,The Oregon Bulletin,83aec5529c449fb4a4c5ef5150f0bf32b4eb9f70,https://secure.sos.state.or.us/oard/viewRedlinePDF.action?filingRsn=46465,,12/17/2020,,Oregon,,REALD Data Collection and Reporting Requirements for Health Care Providers for COVID-19 Encounters,https://secure.sos.state.or.us/oard/displayBulletin.action;JSESSIONID_OARD=L1i1pEyzLKLQ-zc8tlQliA2Spk-iaADY66J8ujVopAG0xoIXvd13!-1212097070?bulltnRsn=629
"Department of Transportation, Highway Division",USA,The Oregon Bulletin,95223f3d0050d084307eedab342fec4cd1595958,https://secure.sos.state.or.us/oard/viewRedlinePDF.action?filingRsn=46466,,12/18/2020,,Oregon,,Amending rules for use of Outdoor Advertising Control System (OACS) web-based permit management system,https://secure.sos.state.or.us/oard/displayBulletin.action;JSESSIONID_OARD=L1i1pEyzLKLQ-zc8tlQliA2Spk-iaADY66J8ujVopAG0xoIXvd13!-1212097070?bulltnRsn=629
Oregon Health Authority,USA,The Oregon Bulletin,ba1512ec274778c2b0be6724c475a25fffa86e3d,https://secure.sos.state.or.us/oard/viewRedlinePDF.action?filingRsn=46463,,12/18/2020,,Oregon,,"Updates REALD Demographic Data Collection and Reporting Requirements, as authorized by ORS 413.161",https://secure.sos.state.or.us/oard/displayBulletin.action;JSESSIONID_OARD=L1i1pEyzLKLQ-zc8tlQliA2Spk-iaADY66J8ujVopAG0xoIXvd13!-1212097070?bulltnRsn=629
Commission for the Blind,USA,The Oregon Bulletin,18432bca522516f5219d8a6680a01ea075d9441d,https://secure.sos.state.or.us/oard/viewRedlinePDF.action?filingRsn=46476,,12/18/2020,,Oregon,,"Federally required amendments to rules for Licensing, Vacancies, Set-Aside, Responsibilities, Dispute Resolution and Subcontracting",https://secure.sos.state.or.us/oard/displayBulletin.action;JSESSIONID_OARD=L1i1pEyzLKLQ-zc8tlQliA2Spk-iaADY66J8ujVopAG0xoIXvd13!-1212097070?bulltnRsn=629
"Education and Workforce Policy Advisor, Office of Education and Workforce Policy",USA,The Oregon Bulletin,7a1481f4b6399bfcac788cba2fce20777cce4392,https://secure.sos.state.or.us/oard/viewRedlinePDF.action?filingRsn=46481,,12/18/2020,,Oregon,,Repeal of Oregon Administrative Rules - Chapter 151,https://secure.sos.state.or.us/oard/displayBulletin.action;JSESSIONID_OARD=L1i1pEyzLKLQ-zc8tlQliA2Spk-iaADY66J8ujVopAG0xoIXvd13!-1212097070?bulltnRsn=629
"Department of Energy, Energy Facility Siting Council",USA,The Oregon Bulletin,46491de7d14c32b7ed2594acb1a107e20b99096c,https://secure.sos.state.or.us/oard/viewRedlinePDF.action?filingRsn=46477,,12/18/2020,,Oregon,,Enforcement of Laws and Rules Governing the Transport and Disposal of Radioactive Materials and Wastes,https://secure.sos.state.or.us/oard/displayBulletin.action;JSESSIONID_OARD=L1i1pEyzLKLQ-zc8tlQliA2Spk-iaADY66J8ujVopAG0xoIXvd13!-1212097070?bulltnRsn=629
Department of Agriculture,USA,The Oregon Bulletin,cc07e6ce3d8caa01ec8d021e0cd4b4e91498d49e,https://secure.sos.state.or.us/oard/viewRedlinePDF.action?filingRsn=46487,,12/21/2020,,Oregon,,Prohibits placement of material in undisturbed wetlands during agricultural channel maintenance.,https://secure.sos.state.or.us/oard/displayBulletin.action;JSESSIONID_OARD=L1i1pEyzLKLQ-zc8tlQliA2Spk-iaADY66J8ujVopAG0xoIXvd13!-1212097070?bulltnRsn=629
"Department of Human Services, Self-Sufficiency Programs",USA,The Oregon Bulletin,df0ab1cfa746668dfac5d15555a0c556c7e410e9,https://secure.sos.state.or.us/oard/viewRedlinePDF.action?filingRsn=46453,,12/21/2020,,Oregon,,Amending Three Rules Regarding Income Standards for APD Medical Programs,https://secure.sos.state.or.us/oard/displayBulletin.action;JSESSIONID_OARD=L1i1pEyzLKLQ-zc8tlQliA2Spk-iaADY66J8ujVopAG0xoIXvd13!-1212097070?bulltnRsn=629
Higher Education Coordinating Commission,USA,The Oregon Bulletin,196659b8974912bebb4e7b4d434b1bec8a47f70c,https://secure.sos.state.or.us/oard/viewRedlinePDF.action?filingRsn=46494,,12/21/2020,,Oregon,,Providing an appeals process for institutions denied approval in an interstate reciprocity agreement.,https://secure.sos.state.or.us/oard/displayBulletin.action;JSESSIONID_OARD=L1i1pEyzLKLQ-zc8tlQliA2Spk-iaADY66J8ujVopAG0xoIXvd13!-1212097070?bulltnRsn=629
Department of Agriculture,USA,The Oregon Bulletin,228dbd0a230d6126336160391d09adc256713e97,https://secure.sos.state.or.us/oard/viewRedlinePDF.action?filingRsn=46496,,12/21/2020,,Oregon,,Amends rules regarding the Grade A Pasteurized Milk Ordinance,https://secure.sos.state.or.us/oard/displayBulletin.action;JSESSIONID_OARD=L1i1pEyzLKLQ-zc8tlQliA2Spk-iaADY66J8ujVopAG0xoIXvd13!-1212097070?bulltnRsn=629
Department of Agriculture,USA,The Oregon Bulletin,b6ba676490d6b856f01c6ab0eee45f68340bb3f3,https://secure.sos.state.or.us/oard/viewRedlinePDF.action?filingRsn=46497,,12/21/2020,,Oregon,,"Adopts National Shellfish Sanitation Program: Guide for the Control of Molluscan Shellfish, 2019 Revision",https://secure.sos.state.or.us/oard/displayBulletin.action;JSESSIONID_OARD=L1i1pEyzLKLQ-zc8tlQliA2Spk-iaADY66J8ujVopAG0xoIXvd13!-1212097070?bulltnRsn=629
Oregon State Lottery,USA,The Oregon Bulletin,bc3ee8b23f353297dd3472e5924b9bec2b1f2145,https://secure.sos.state.or.us/oard/viewRedlinePDF.action?filingRsn=46205,,12/21/2020,,Oregon,,"Updating rules about claiming, validating, and paying Lottery prizes and clarifying trade show device regulation",https://secure.sos.state.or.us/oard/displayBulletin.action;JSESSIONID_OARD=L1i1pEyzLKLQ-zc8tlQliA2Spk-iaADY66J8ujVopAG0xoIXvd13!-1212097070?bulltnRsn=629
Higher Education Coordinating Commission,USA,The Oregon Bulletin,548537f2be7952fcb3497d1764c950b0c0e86ceb,https://secure.sos.state.or.us/oard/viewRedlinePDF.action?filingRsn=46498,,12/21/2020,,Oregon,,Updating the Student Success and Completion Model.,https://secure.sos.state.or.us/oard/displayBulletin.action;JSESSIONID_OARD=L1i1pEyzLKLQ-zc8tlQliA2Spk-iaADY66J8ujVopAG0xoIXvd13!-1212097070?bulltnRsn=629
Board of Optometry,USA,The Oregon Bulletin,2230ee17c4897efa3ec52118272d150e5356fbd7,https://secure.sos.state.or.us/oard/viewRedlinePDF.action?filingRsn=46502,,12/22/2020,,Oregon,,Proposed 2021-23 biennial budget,https://secure.sos.state.or.us/oard/displayBulletin.action;JSESSIONID_OARD=L1i1pEyzLKLQ-zc8tlQliA2Spk-iaADY66J8ujVopAG0xoIXvd13!-1212097070?bulltnRsn=629
Department of Environmental Quality,USA,The Oregon Bulletin,8695163e5e8a1176a1f930d571f1de5008d9c44f,https://secure.sos.state.or.us/oard/viewRedlinePDF.action?filingRsn=46503,,12/22/2020,,Oregon,,Clean Fuels Program Electricity 2021,https://secure.sos.state.or.us/oard/displayBulletin.action;JSESSIONID_OARD=L1i1pEyzLKLQ-zc8tlQliA2Spk-iaADY66J8ujVopAG0xoIXvd13!-1212097070?bulltnRsn=629
"Department of Consumer and Business Services, Building Codes Division",USA,The Oregon Bulletin,9884971ce18adbafd5c6dc3e54d3649a49cab564,https://secure.sos.state.or.us/oard/viewRedlinePDF.action?filingRsn=46506,,12/23/2020,,Oregon,,Adopts 2021 Oregon Electrical Specialty Code and low-rise electrical provisions of the 2021 ORSC,https://secure.sos.state.or.us/oard/displayBulletin.action;JSESSIONID_OARD=L1i1pEyzLKLQ-zc8tlQliA2Spk-iaADY66J8ujVopAG0xoIXvd13!-1212097070?bulltnRsn=629
"Department of Consumer and Business Services, Building Codes Division",USA,The Oregon Bulletin,388c6b5b3f570a2bcb3ce2eb6c4d12381058ae0c,https://secure.sos.state.or.us/oard/viewRedlinePDF.action?filingRsn=46525,,12/23/2020,,Oregon,,Adopts the 2021 Oregon Plumbing Specialty Code & low-rise plumbing provisions of the 2021 ORSC,https://secure.sos.state.or.us/oard/displayBulletin.action;JSESSIONID_OARD=L1i1pEyzLKLQ-zc8tlQliA2Spk-iaADY66J8ujVopAG0xoIXvd13!-1212097070?bulltnRsn=629
Oregon Department of Education,USA,The Oregon Bulletin,e39dddcd5fb6bffef64a80aedff070f011827e40,https://secure.sos.state.or.us/oard/viewRedlinePDF.action?filingRsn=46566,,12/28/2020,,Oregon,,All Students Belong,https://secure.sos.state.or.us/oard/displayBulletin.action;JSESSIONID_OARD=L1i1pEyzLKLQ-zc8tlQliA2Spk-iaADY66J8ujVopAG0xoIXvd13!-1212097070?bulltnRsn=629
Oregon Board of Naturopathic Medicine,USA,The Oregon Bulletin,4d00c5108d29c6df89f78932787ad3f660d8f25d,https://secure.sos.state.or.us/oard/viewRedlinePDF.action?filingRsn=46580,,12/28/2020,,Oregon,,"Duty to Create, Maintain and Retain Medical Records",https://secure.sos.state.or.us/oard/displayBulletin.action;JSESSIONID_OARD=L1i1pEyzLKLQ-zc8tlQliA2Spk-iaADY66J8ujVopAG0xoIXvd13!-1212097070?bulltnRsn=629
"Oregon Health Authority, Health Systems Division: Medical Assistance Programs",USA,The Oregon Bulletin,fdbe5ca0d9cfe04ef50b13264b80c30add0fa9ca,https://secure.sos.state.or.us/oard/viewRedlinePDF.action?filingRsn=46581,,12/28/2020,,Oregon,,"Amending PDL January 1, 2021 DUR/P&T Action and Prior Authorization Approval Criteria Guide",https://secure.sos.state.or.us/oard/displayBulletin.action;JSESSIONID_OARD=L1i1pEyzLKLQ-zc8tlQliA2Spk-iaADY66J8ujVopAG0xoIXvd13!-1212097070?bulltnRsn=629
Department of Agriculture,USA,The Oregon Bulletin,1b5e7c864b1973caa8ed77b483a457f92667f2d1,https://secure.sos.state.or.us/oard/viewRedlinePDF.action?filingRsn=46582,,12/28/2020,,Oregon,,Amends rules regarding the Grade A Pasteurized Milk Ordinance,https://secure.sos.state.or.us/oard/displayBulletin.action;JSESSIONID_OARD=L1i1pEyzLKLQ-zc8tlQliA2Spk-iaADY66J8ujVopAG0xoIXvd13!-1212097070?bulltnRsn=629
Commission for the Blind,USA,The Oregon Bulletin,005f5ab77719569e39cfcdceb6365cb08ff27cb6,https://secure.sos.state.or.us/oard/viewRedlinePDF.action?filingRsn=46584,,12/28/2020,,Oregon,,Updates rules to reflect use of person-first language and current business best practices,https://secure.sos.state.or.us/oard/displayBulletin.action;JSESSIONID_OARD=L1i1pEyzLKLQ-zc8tlQliA2Spk-iaADY66J8ujVopAG0xoIXvd13!-1212097070?bulltnRsn=629
"Secretary of State, Corporation Division",USA,The Oregon Bulletin,2fe0f84cd42e90c322d035d525043d4461eaabb1,https://secure.sos.state.or.us/oard/viewRedlinePDF.action?filingRsn=46585,,12/28/2020,,Oregon,,"Implementation of remote online notarization, per HB 4212A as pertains to ORS 194.",https://secure.sos.state.or.us/oard/displayBulletin.action;JSESSIONID_OARD=L1i1pEyzLKLQ-zc8tlQliA2Spk-iaADY66J8ujVopAG0xoIXvd13!-1212097070?bulltnRsn=629
Department of Agriculture,USA,The Oregon Bulletin,ddee4bcb2984b0de61cf23332a85c1b406bff328,https://secure.sos.state.or.us/oard/viewRedlinePDF.action?filingRsn=46604,,12/29/2020,,Oregon,,Prohibits placement of material in undisturbed wetlands during agricultural channel maintenance,https://secure.sos.state.or.us/oard/displayBulletin.action;JSESSIONID_OARD=L1i1pEyzLKLQ-zc8tlQliA2Spk-iaADY66J8ujVopAG0xoIXvd13!-1212097070?bulltnRsn=629
Department of Agriculture,USA,The Oregon Bulletin,a093a36f40a75f32aafefafba4a0154c21638169,https://secure.sos.state.or.us/oard/viewRedlinePDF.action?filingRsn=46607,,12/30/2020,,Oregon,,Prohibits placement of material in undisturbed wetlands during agricultural channel maintenance,https://secure.sos.state.or.us/oard/displayBulletin.action;JSESSIONID_OARD=L1i1pEyzLKLQ-zc8tlQliA2Spk-iaADY66J8ujVopAG0xoIXvd13!-1212097070?bulltnRsn=629
Landscape Contractors Board,USA,The Oregon Bulletin,1bca0e6937c0f8c074c1095116090887afd2c64d,https://secure.sos.state.or.us/oard/viewRedlinePDF.action?filingRsn=46608,,12/30/2020,,Oregon,,Updates rules for specific sections of the Exterior Technician exam.,https://secure.sos.state.or.us/oard/displayBulletin.action;JSESSIONID_OARD=L1i1pEyzLKLQ-zc8tlQliA2Spk-iaADY66J8ujVopAG0xoIXvd13!-1212097070?bulltnRsn=629
Department of Justice,USA,The Oregon Bulletin,55b7977cdc48ee2b3d13e4d35560133e0af5ef19,https://secure.sos.state.or.us/oard/viewRedlinePDF.action?filingRsn=46609,,12/30/2020,,Oregon,,Oregon Child Support Program policy and process updates,https://secure.sos.state.or.us/oard/displayBulletin.action;JSESSIONID_OARD=L1i1pEyzLKLQ-zc8tlQliA2Spk-iaADY66J8ujVopAG0xoIXvd13!-1212097070?bulltnRsn=629
"Secretary of State, Corporation Division",USA,The Oregon Bulletin,f8cf242e9371de31a9533fb0b714dddf263c5ce3,https://secure.sos.state.or.us/oard/viewRedlinePDF.action?filingRsn=46605,,12/30/2020,,Oregon,,"Implementation of remote online notarization, per HB 4212 (2020) as pertains to ORS 194.",https://secure.sos.state.or.us/oard/displayBulletin.action;JSESSIONID_OARD=L1i1pEyzLKLQ-zc8tlQliA2Spk-iaADY66J8ujVopAG0xoIXvd13!-1212097070?bulltnRsn=629
"Department of Human Services, Child Welfare Programs",USA,The Oregon Bulletin,d938033fce1ab535b4e4363771f4aecd16ab0a89,https://secure.sos.state.or.us/oard/viewRedlinePDF.action?filingRsn=46613,,12/30/2020,,Oregon,,Amending Rules Related to Division 015 Child Protective Services,https://secure.sos.state.or.us/oard/displayBulletin.action;JSESSIONID_OARD=L1i1pEyzLKLQ-zc8tlQliA2Spk-iaADY66J8ujVopAG0xoIXvd13!-1212097070?bulltnRsn=629
Oregon Housing and Community Services Department,USA,The Oregon Bulletin,4bffff70297a989350e67442c9edc5dc7a1ff679,https://secure.sos.state.or.us/oard/viewRedlinePDF.action?filingRsn=46620,,12/31/2020,,Oregon,,To update rule to match ORS 90.732. Amending to reflect change in registration fee.,https://secure.sos.state.or.us/oard/displayBulletin.action;JSESSIONID_OARD=L1i1pEyzLKLQ-zc8tlQliA2Spk-iaADY66J8ujVopAG0xoIXvd13!-1212097070?bulltnRsn=629
